,date,temp_WA,temp_IN,temp_MO,temp_WI
0,1980-01,31.851612903225806,26.55806451612903,31.693548387096776,17.23225806451613
1,1980-02,39.679310344827584,21.99310344827586,28.658620689655173,16.448275862068964
2,1980-03,41.07419354838709,33.84838709677419,39.79677419354839,26.816129032258065
3,1980-04,49.163333333333334,48.016666666666666,53.443333333333335,44.306666666666665
4,1980-05,52.76129032258064,61.39354838709678,64.66774193548387,58.84193548387096
5,1980-06,56.10333333333333,67.05,76.95666666666666,64.83666666666666
6,1980-07,63.08064516129032,75.33548387096775,86.6741935483871,72.42903225806452
7,1980-08,61.777419354838706,74.88387096774194,82.70322580645161,71.02258064516128
8,1980-09,57.766666666666666,66.92333333333333,72.61666666666666,61.583333333333336
9,1980-10,51.6741935483871,49.983870967741936,56.329032258064515,44.938709677419354
10,1980-11,44.13666666666666,39.940000000000005,45.36,35.580000000000005
11,1980-12,41.774193548387096,30.26451612903226,36.05806451612903,21.200000000000003
12,1981-01,41.18387096774194,20.774193548387096,31.374193548387098,14.403225806451612
13,1981-02,40.56428571428571,30.735714285714288,35.85357142857143,23.04642857142857
14,1981-03,44.73870967741936,37.81935483870968,45.68387096774194,34.8258064516129
15,1981-04,46.64666666666667,54.480000000000004,62.61333333333334,46.97666666666667
16,1981-05,52.12580645161291,57.596774193548384,60.28709677419355,54.91612903225807
17,1981-06,55.39333333333333,70.41333333333334,74.38333333333334,67.47
18,1981-07,62.34516129032258,72.10645161290323,77.85806451612903,71.20645161290322
19,1981-08,68.06774193548387,70.47096774193548,74.16451612903225,68.78064516129032
20,1981-09,59.06666666666667,63.913333333333334,68.41000000000001,59.663333333333334
21,1981-10,48.858064516129026,51.400000000000006,55.91935483870968,46.60322580645161
22,1981-11,44.123333333333335,41.99,46.85333333333333,37.71333333333334
23,1981-12,37.63225806451613,27.183870967741935,31.59032258064516,23.970967741935485
24,1982-01,35.38709677419355,15.46774193548387,22.92258064516129,5.251612903225807
25,1982-02,38.800000000000004,20.92142857142857,30.92142857142857,16.157142857142855
26,1982-03,41.18064516129032,37.60322580645161,45.61612903225806,28.403225806451612
27,1982-04,44.586666666666666,44.629999999999995,50.513333333333335,39.93
28,1982-05,52.65483870967742,66.61612903225806,67.03548387096774,61.33870967741935
29,1982-06,63.05,65.03,68.61999999999999,60.86666666666667
30,1982-07,63.36451612903225,73.27741935483871,78.53870967741935,72.04193548387097
31,1982-08,64.41290322580645,69.87741935483872,74.7258064516129,68.08709677419354
32,1982-09,59.093333333333334,64.24666666666667,67.12666666666667,60.52333333333333
33,1982-10,50.17741935483871,55.60967741935484,57.08064516129032,51.47096774193548
34,1982-11,39.016666666666666,43.67333333333333,44.96333333333334,35.809999999999995
35,1982-12,36.667741935483875,39.21612903225807,39.84838709677419,30.664516129032258
36,1983-01,41.351612903225806,29.364516129032257,32.34193548387097,22.16774193548387
37,1983-02,42.21785714285714,33.357142857142854,37.26428571428572,24.935714285714287
38,1983-03,45.31935483870968,40.1741935483871,43.593548387096774,31.396774193548385
39,1983-04,48.016666666666666,46.86,47.91,40.67666666666666
40,1983-05,55.274193548387096,57.11290322580645,60.41935483870968,51.05806451612903
41,1983-06,57.63,69.86333333333333,72.10666666666665,66.92
42,1983-07,61.02903225806452,76.74838709677418,81.51612903225806,75.33225806451614
43,1983-08,64.60967741935484,76.86129032258064,83.43225806451613,73.1741935483871
44,1983-09,55.55,67.39333333333333,69.92333333333333,62.263333333333335
45,1983-10,49.645161290322584,55.519354838709674,58.91935483870968,50.641935483870974
46,1983-11,43.74666666666667,44.46,46.82333333333334,38.01
47,1983-12,32.15161290322581,18.94193548387097,18.55806451612903,9.990322580645161
48,1984-01,39.02903225806452,18.738709677419354,28.506451612903227,12.535483870967743
49,1984-02,40.689655172413794,34.23103448275862,39.1,28.193103448275863
50,1984-03,44.53548387096774,28.038709677419355,38.37096774193548,25.98709677419355
51,1984-04,45.376666666666665,47.99333333333333,51.45666666666667,44.04
52,1984-05,50.47741935483871,57.11612903225806,61.13870967741936,53.76129032258064
53,1984-06,56.89666666666667,72.70666666666666,74.88333333333334,67.55
54,1984-07,64.50967741935484,70.90322580645162,77.14516129032258,69.70645161290322
55,1984-08,64.44193548387096,73.0516129032258,78.69999999999999,71.18709677419355
56,1984-09,57.41,63.593333333333334,66.81,59.47666666666667
57,1984-10,47.20967741935484,58.73548387096774,58.670967741935485,52.8
58,1984-11,41.21666666666667,41.21666666666667,43.836666666666666,35.583333333333336
59,1984-12,34.064516129032256,37.02258064516129,40.10967741935484,25.78064516129032
60,1985-01,34.66129032258065,18.6,22.4741935483871,10.038709677419355
61,1985-02,35.792857142857144,22.285714285714285,28.864285714285717,16.089285714285715
62,1985-03,40.38387096774194,42.10322580645161,48.13225806451613,34.18709677419355
63,1985-04,47.45666666666667,55.75666666666667,58.84,49.89666666666667
64,1985-05,53.46774193548387,63.690322580645166,66.38387096774194,61.13548387096775
65,1985-06,58.82666666666667,66.7,70.08,64.86333333333333
66,1985-07,69.35483870967742,73.08064516129032,78.45161290322581,72.0741935483871
67,1985-08,64.43225806451613,68.92258064516129,73.55806451612904,68.00645161290322
68,1985-09,56.07666666666667,66.54,68.64,62.26
69,1985-10,49.31612903225806,56.096774193548384,59.15161290322581,50.21290322580645
70,1985-11,32.23,45.35666666666667,44.00666666666667,32.85
71,1985-12,34.07741935483871,22.41290322580645,26.177419354838708,9.899999999999999
72,1986-01,40.55483870967742,27.641935483870967,35.248387096774195,16.31935483870968
73,1986-02,39.4,27.592857142857145,34.653571428571425,17.52857142857143
74,1986-03,46.167741935483875,41.60645161290322,48.599999999999994,33.71935483870968
75,1986-04,45.806666666666665,52.3,58.95666666666667,48.36666666666667
76,1986-05,53.38709677419355,61.92580645161291,65.98709677419355,58.55483870967742
77,1986-06,61.68,69.97333333333333,76.17333333333333,66.12666666666667
78,1986-07,60.78709677419355,74.99677419354839,81.40322580645162,73.30000000000001
79,1986-08,69.13225806451612,69.01935483870967,73.0516129032258,66.49032258064516
80,1986-09,56.9,68.91666666666667,72.08333333333333,62.480000000000004
81,1986-10,52.76451612903226,54.932258064516134,57.5516129032258,50.10967741935484
82,1986-11,43.4,38.413333333333334,40.516666666666666,31.553333333333335
83,1986-12,37.97741935483871,31.729032258064517,35.07096774193548,24.69677419354839
84,1987-01,36.900000000000006,24.13225806451613,30.041935483870965,21.029032258064515
85,1987-02,42.285714285714285,32.253571428571426,39.221428571428575,28.260714285714283
86,1987-03,44.67741935483871,41.0,47.47741935483871,34.599999999999994
87,1987-04,50.16,51.17666666666666,55.906666666666666,48.03
88,1987-05,55.564516129032256,66.7258064516129,71.0741935483871,61.95161290322581
89,1987-06,62.156666666666666,72.94333333333334,76.06666666666666,71.12666666666668
90,1987-07,63.34838709677419,75.26774193548388,79.45483870967742,74.66451612903225
91,1987-08,65.33548387096774,73.05483870967741,78.10967741935484,69.04838709677419
92,1987-09,61.99,66.46333333333334,68.26666666666667,61.486666666666665
93,1987-10,54.78387096774193,48.42903225806452,53.641935483870974,44.36774193548387
94,1987-11,45.669999999999995,45.89666666666667,47.376666666666665,39.513333333333335
95,1987-12,36.10322580645161,33.97741935483871,36.50967741935484,27.187096774193545
96,1988-01,36.42903225806452,24.787096774193547,29.529032258064515,11.654838709677419
97,1988-02,41.58620689655172,23.510344827586206,29.779310344827586,13.210344827586209
98,1988-03,42.66129032258065,38.225806451612904,43.58709677419355,32.806451612903224
99,1988-04,48.35666666666667,49.5,54.50333333333333,44.89333333333333
100,1988-05,52.92580645161291,63.65161290322581,66.8741935483871,60.903225806451616
101,1988-06,58.07666666666667,73.75,76.83666666666666,71.99333333333333
102,1988-07,64.10322580645162,77.52580645161291,78.37741935483871,75.14838709677419
103,1988-08,64.1774193548387,76.76451612903226,79.15806451612903,73.93870967741935
104,1988-09,59.62,66.90666666666667,70.67333333333333,63.519999999999996
105,1988-10,54.89354838709678,47.32258064516129,52.877419354838715,43.729032258064514
106,1988-11,43.22,43.03666666666666,46.21333333333333,37.01
107,1988-12,38.91290322580645,29.287096774193547,36.145161290322584,23.36774193548387
108,1989-01,38.099999999999994,33.83870967741935,38.94193548387097,26.35483870967742
109,1989-02,30.571428571428573,23.74642857142857,26.057142857142857,14.517857142857142
110,1989-03,40.16451612903226,38.309677419354834,43.141935483870974,26.23548387096774
111,1989-04,50.013333333333335,48.79666666666667,56.34666666666667,42.64333333333333
112,1989-05,53.78709677419355,58.061290322580646,63.39032258064516,56.435483870967744
113,1989-06,61.513333333333335,68.62666666666668,70.93333333333334,65.65
114,1989-07,62.49032258064516,73.39032258064516,76.61935483870967,72.99677419354839
115,1989-08,63.47741935483871,70.86774193548388,75.72258064516129,69.33870967741936
116,1989-09,61.82333333333334,62.980000000000004,65.15333333333334,59.80333333333333
117,1989-10,50.903225806451616,54.11612903225806,58.777419354838706,50.5516129032258
118,1989-11,44.14,40.24666666666667,45.84666666666667,32.653333333333336
119,1989-12,39.81290322580645,16.822580645161292,23.251612903225805,12.02258064516129
120,1990-01,39.50322580645161,35.58387096774193,39.900000000000006,26.81935483870968
121,1990-02,37.11785714285714,34.88928571428571,39.34285714285714,23.860714285714288
122,1990-03,44.358064516129026,43.24516129032258,47.222580645161294,35.54516129032258
123,1990-04,50.40333333333333,49.62,53.57666666666667,46.64333333333333
124,1990-05,52.5,58.480645161290326,61.49677419354838,52.903225806451616
125,1990-06,58.29,70.06333333333333,74.88666666666667,66.89333333333333
126,1990-07,67.8741935483871,71.99032258064516,77.12903225806451,69.58064516129032
127,1990-08,66.72258064516129,71.1258064516129,76.51935483870967,69.01935483870967
128,1990-09,62.666666666666664,66.33666666666666,72.49666666666667,63.169999999999995
129,1990-10,48.670967741935485,53.10322580645161,56.65483870967742,48.564516129032256
130,1990-11,44.24666666666667,46.416666666666664,51.669999999999995,39.586666666666666
131,1990-12,32.01935483870968,32.329032258064515,34.25483870967742,20.32903225806452
132,1991-01,36.11290322580645,26.280645161290323,27.85483870967742,12.983870967741936
133,1991-02,44.42857142857143,33.13214285714286,39.767857142857146,22.907142857142855
134,1991-03,40.89032258064516,41.62580645161291,48.50967741935484,34.68064516129032
135,1991-04,46.873333333333335,54.343333333333334,58.440000000000005,48.28
136,1991-05,51.99677419354839,68.48387096774194,69.58064516129032,62.42258064516129
137,1991-06,56.056666666666665,73.99333333333334,76.25,70.25
138,1991-07,66.0225806451613,75.7258064516129,80.28709677419356,71.36451612903227
139,1991-08,66.9,73.70967741935483,78.16451612903225,70.03225806451613
140,1991-09,61.63,65.91666666666667,69.42,60.016666666666666
141,1991-10,51.148387096774194,56.690322580645166,59.88387096774194,49.63225806451613
142,1991-11,44.09666666666667,38.92666666666666,40.05333333333333,31.066666666666666
143,1991-12,40.1741935483871,33.71612903225807,38.248387096774195,25.13225806451613
144,1992-01,40.7,29.05483870967742,36.07419354838709,23.961290322580645
145,1992-02,43.38275862068965,35.206896551724135,40.91724137931034,27.913793103448278
146,1992-03,47.877419354838715,39.15806451612904,46.809677419354834,31.06451612903226
147,1992-04,50.583333333333336,49.21,55.53,42.24333333333333
148,1992-05,58.0,58.94193548387097,63.10645161290322,57.60645161290322
149,1992-06,63.15,65.98333333333333,71.36999999999999,64.85666666666667
150,1992-07,65.45806451612903,71.56129032258065,76.56451612903226,67.00967741935484
151,1992-08,66.47419354838709,67.46129032258065,70.93548387096774,66.1032258064516
152,1992-09,58.019999999999996,63.82333333333334,68.01666666666667,60.78333333333333
153,1992-10,52.332258064516125,52.064516129032256,58.10967741935484,48.68387096774194
154,1992-11,43.3,41.54,42.72,33.4
155,1992-12,35.84193548387096,31.458064516129035,35.63870967741936,23.729032258064517
156,1993-01,33.061290322580646,29.216129032258067,30.896774193548385,19.48709677419355
157,1993-02,37.535714285714285,23.742857142857144,31.110714285714288,18.192857142857143
158,1993-03,44.5516129032258,36.46774193548387,40.877419354838715,28.97741935483871
159,1993-04,47.190000000000005,49.28,51.63666666666666,40.193333333333335
160,1993-05,57.438709677419354,61.62580645161291,63.438709677419354,57.096774193548384
161,1993-06,57.96666666666667,68.82,72.61,63.85666666666667
162,1993-07,59.46451612903226,74.75161290322582,79.36129032258064,70.05806451612904
163,1993-08,63.87096774193548,73.03870967741935,78.21612903225805,70.0
164,1993-09,61.276666666666664,61.519999999999996,64.4,56.68333333333333
165,1993-10,53.91290322580645,51.483870967741936,54.400000000000006,47.406451612903226
166,1993-11,39.59,40.89666666666667,41.22,34.9
167,1993-12,38.79032258064516,31.04516129032258,36.303225806451614,25.364516129032257
168,1994-01,41.81290322580645,18.4,26.783870967741933,4.458064516129032
169,1994-02,37.93928571428571,25.892857142857142,32.86071428571429,12.096428571428572
170,1994-03,44.41935483870968,38.358064516129026,46.13225806451613,32.306451612903224
171,1994-04,49.74333333333333,51.82666666666667,54.913333333333334,45.26
172,1994-05,55.564516129032256,58.332258064516125,64.2483870967742,57.599999999999994
173,1994-06,57.99666666666667,72.54666666666667,76.61666666666666,69.89
174,1994-07,66.9258064516129,73.03870967741935,77.88387096774194,69.61935483870967
175,1994-08,65.53548387096774,70.07741935483871,75.6258064516129,66.36774193548388
176,1994-09,61.85333333333333,65.67333333333333,67.67666666666666,64.49333333333333
177,1994-10,50.49354838709677,55.96774193548387,59.07741935483871,52.05806451612903
178,1994-11,39.34,46.82333333333334,49.25666666666667,40.123333333333335
179,1994-12,37.75806451612903,36.52903225806452,39.08709677419355,28.20967741935484
180,1995-01,38.770967741935486,27.81935483870968,28.97741935483871,18.903225806451612
181,1995-02,42.07142857142857,28.385714285714283,36.0,18.817857142857143
182,1995-03,43.406451612903226,42.05483870967742,47.16451612903226,33.49354838709677
183,1995-04,47.22,49.169999999999995,54.556666666666665,40.63666666666666
184,1995-05,56.68387096774194,59.78709677419355,61.21290322580645,55.222580645161294
185,1995-06,60.31333333333334,70.69666666666667,71.72,70.23
186,1995-07,65.63225806451612,74.69032258064516,78.50967741935484,73.40322580645162
187,1995-08,61.167741935483875,77.48709677419355,81.85483870967742,74.69032258064516
188,1995-09,62.34666666666667,64.76666666666667,66.85666666666667,60.330000000000005
189,1995-10,50.05806451612903,55.32258064516129,59.41612903225807,50.41612903225807
190,1995-11,46.50666666666667,36.56333333333334,41.65333333333333,28.55
191,1995-12,38.82258064516129,26.070967741935487,32.91935483870968,17.95483870967742
192,1996-01,36.95483870967742,23.05483870967742,26.693548387096776,13.187096774193549
193,1996-02,38.38965517241379,29.920689655172417,35.15172413793103,18.882758620689657
194,1996-03,43.89677419354839,32.72258064516129,38.46774193548387,26.929032258064517
195,1996-04,48.65,47.623333333333335,52.66,40.443333333333335
196,1996-05,50.229032258064514,59.31290322580645,66.35161290322581,52.83870967741935
197,1996-06,57.99666666666667,69.94333333333334,73.24,65.59666666666666
198,1996-07,66.50967741935484,69.99677419354839,75.93548387096774,67.16451612903225
199,1996-08,65.11935483870968,72.78387096774195,76.16129032258064,69.45806451612903
200,1996-09,56.806666666666665,65.04666666666667,66.25333333333333,61.776666666666664
201,1996-10,49.6741935483871,54.880645161290325,57.41290322580645,50.248387096774195
202,1996-11,41.86333333333334,35.373333333333335,38.973333333333336,29.45
203,1996-12,37.07419354838709,32.07096774193548,34.9483870967742,21.98709677419355
204,1997-01,38.55806451612903,20.56451612903226,26.983870967741936,14.35483870967742
205,1997-02,39.375,33.04642857142857,36.74285714285714,22.54642857142857
206,1997-03,42.40967741935484,40.903225806451616,46.829032258064515,31.241935483870968
207,1997-04,46.80333333333333,46.38333333333333,49.99,42.406666666666666
208,1997-05,56.748387096774195,55.23870967741936,60.358064516129026,50.49677419354839
209,1997-06,57.89333333333333,68.46333333333334,71.66666666666667,67.09
210,1997-07,63.24193548387097,72.83225806451614,78.98387096774194,70.09354838709677
211,1997-08,67.00322580645161,69.3741935483871,76.0,65.35161290322581
212,1997-09,60.90333333333333,64.76666666666667,69.73666666666666,61.99666666666667
213,1997-10,50.02903225806452,54.50645161290323,58.50322580645161,50.903225806451616
214,1997-11,45.24666666666667,38.39666666666667,41.75333333333333,33.03
215,1997-12,39.04516129032258,31.44516129032258,33.38387096774194,27.719354838709677
216,1998-01,39.099999999999994,34.57096774193548,34.88387096774194,23.161290322580644
217,1998-02,41.75,38.864285714285714,40.68214285714286,30.95357142857143
218,1998-03,43.61290322580645,38.693548387096776,40.28387096774193,31.067741935483873
219,1998-04,47.480000000000004,51.666666666666664,53.85333333333333,47.32666666666667
220,1998-05,53.25483870967742,65.8225806451613,70.02258064516128,62.62580645161291
221,1998-06,59.14,69.64666666666668,74.04333333333334,66.38666666666667
222,1998-07,67.2741935483871,72.41612903225807,78.02258064516128,70.79677419354839
223,1998-08,66.78387096774195,72.47096774193548,77.99677419354839,70.95483870967742
224,1998-09,62.45,69.7,73.78666666666666,65.67999999999999
225,1998-10,50.60967741935484,55.52903225806452,59.122580645161285,52.18387096774194
226,1998-11,44.2,45.056666666666665,49.13666666666666,40.45666666666667
227,1998-12,38.02903225806452,35.50645161290323,37.00645161290323,29.55483870967742
228,1999-01,38.92258064516129,24.106451612903225,30.190322580645162,13.66451612903226
229,1999-02,39.50714285714286,35.55357142857143,42.53214285714286,28.599999999999998
230,1999-03,41.45161290322581,34.36774193548387,42.49354838709677,32.619354838709675
231,1999-04,45.586666666666666,53.193333333333335,56.24666666666667,47.34666666666667
232,1999-05,49.274193548387096,63.229032258064514,64.7290322580645,59.50645161290323
233,1999-06,55.93333333333333,71.43,72.63000000000001,67.95666666666666
234,1999-07,61.79354838709677,78.10645161290323,81.41290322580646,74.95806451612903
235,1999-08,64.69677419354838,70.95806451612903,77.43548387096774,67.83548387096775
236,1999-09,59.73,67.96,68.47666666666667,60.74333333333333
237,1999-10,50.10645161290322,54.170967741935485,58.37096774193548,48.932258064516134
238,1999-11,45.080000000000005,47.39666666666667,53.96333333333334,42.29333333333333
239,1999-12,39.78387096774193,32.80967741935484,37.84193548387096,26.04516129032258
240,2000-01,36.97741935483871,23.98709677419355,34.02258064516129,16.570967741935487
241,2000-02,40.213793103448275,34.679310344827584,41.88965517241379,27.482758620689655
242,2000-03,42.0258064516129,44.516129032258064,48.3,39.38387096774194
243,2000-04,48.983333333333334,50.28,55.36333333333334,44.45333333333333
244,2000-05,52.16451612903226,64.45161290322581,67.81612903225806,59.05483870967742
245,2000-06,58.99666666666667,69.28,71.56333333333333,65.38000000000001
246,2000-07,62.751612903225805,70.50645161290322,77.35483870967742,68.8225806451613
247,2000-08,63.3,71.2258064516129,81.48709677419355,69.6
248,2000-09,58.43333333333333,63.690000000000005,70.65333333333334,61.13333333333333
249,2000-10,50.73548387096774,56.351612903225806,60.351612903225806,53.13548387096775
250,2000-11,39.72,39.54666666666667,39.55,34.46
251,2000-12,37.88709677419355,17.006451612903227,20.309677419354838,9.993548387096775
252,2001-01,39.10967741935484,25.86774193548387,29.94516129032258,19.52258064516129
253,2001-02,37.93928571428571,31.764285714285712,34.392857142857146,17.389285714285712
254,2001-03,43.00645161290323,35.487096774193546,40.11290322580645,27.97741935483871
255,2001-04,45.46666666666667,55.486666666666665,61.583333333333336,48.5
256,2001-05,53.46774193548387,63.18064516129032,66.1516129032258,58.15483870967742
257,2001-06,55.986666666666665,68.71000000000001,72.47,66.26666666666667
258,2001-07,62.37096774193548,73.20645161290322,80.58387096774193,73.03225806451613
259,2001-08,64.36774193548388,73.16774193548386,78.1032258064516,71.68709677419355
260,2001-09,59.32,62.919999999999995,67.98,59.85
261,2001-10,49.36774193548387,53.84516129032258,56.66129032258065,48.958064516129035
262,2001-11,44.49333333333333,48.63666666666666,51.96333333333334,45.730000000000004
263,2001-12,38.354838709677416,35.854838709677416,39.190322580645166,30.37741935483871
264,2002-01,38.76451612903226,34.03548387096774,35.3258064516129,26.593548387096774
265,2002-02,39.175000000000004,33.7,37.55357142857143,27.592857142857145
266,2002-03,39.512903225806454,36.37096774193548,40.60645161290322,26.993548387096773
267,2002-04,46.17666666666666,52.223333333333336,57.163333333333334,44.64666666666667
268,2002-05,51.29354838709677,57.49354838709677,62.248387096774195,52.52258064516129
269,2002-06,60.01,71.86999999999999,75.14666666666668,68.22333333333333
270,2002-07,64.73225806451613,77.41612903225807,79.6516129032258,74.71612903225805
271,2002-08,64.58709677419355,74.16774193548386,77.96129032258065,70.59354838709677
272,2002-09,59.21,69.54333333333334,72.03666666666666,65.52
273,2002-10,49.79354838709677,51.65161290322581,53.41290322580645,45.3258064516129
274,2002-11,45.013333333333335,39.276666666666664,42.53,34.45333333333333
275,2002-12,40.36774193548387,30.532258064516128,36.61612903225806,27.383870967741935
276,2003-01,42.54516129032258,21.200000000000003,28.506451612903223,16.661290322580644
277,2003-02,39.70357142857143,23.25357142857143,31.771428571428572,14.632142857142856
278,2003-03,44.18709677419355,40.44516129032258,44.60967741935484,31.483870967741936
279,2003-04,46.57666666666667,52.876666666666665,56.71,42.190000000000005
280,2003-05,52.41935483870968,59.019354838709674,63.95161290322581,54.0516129032258
281,2003-06,61.78333333333333,66.53,69.84333333333333,64.97
282,2003-07,67.46774193548387,71.86774193548388,79.97741935483872,70.56451612903226
283,2003-08,66.38709677419355,72.68064516129031,80.40645161290323,72.3967741935484
284,2003-09,61.14,62.666666666666664,64.98,61.95
285,2003-10,53.248387096774195,52.68064516129032,58.10967741935484,49.648387096774194
286,2003-11,40.026666666666664,45.90333333333333,47.440000000000005,36.32333333333334
287,2003-12,39.29677419354839,32.696774193548386,36.07096774193548,26.629032258064516
288,2004-01,37.625806451612895,22.835483870967742,30.14516129032258,10.864516129032259
289,2004-02,40.693103448275856,28.76551724137931,33.47241379310345,21.24827586206897
290,2004-03,45.65806451612904,42.932258064516134,48.019354838709674,35.99032258064516
291,2004-04,50.769999999999996,52.733333333333334,56.830000000000005,46.413333333333334
292,2004-05,54.877419354838715,65.12258064516129,67.87096774193549,55.95483870967742
293,2004-06,61.623333333333335,68.26,71.64333333333335,63.59666666666667
294,2004-07,67.49032258064516,71.00967741935484,75.06129032258065,68.08387096774193
295,2004-08,67.02580645161291,67.75483870967743,72.24193548387096,65.1774193548387
296,2004-09,57.4,66.84333333333333,69.56,65.88666666666667
297,2004-10,51.829032258064515,54.73548387096774,59.351612903225806,51.49677419354839
298,2004-11,43.92333333333333,45.24666666666667,47.63666666666666,39.656666666666666
299,2004-12,41.21612903225807,30.674193548387095,36.329032258064515,24.967741935483872
300,2005-01,40.0,26.12258064516129,32.60645161290322,14.819354838709677
301,2005-02,39.271428571428565,32.39642857142857,39.42142857142857,25.714285714285715
302,2005-03,46.170967741935485,36.34193548387096,43.65806451612904,28.396774193548385
303,2005-04,48.65333333333333,53.223333333333336,57.26,48.02333333333333
304,2005-05,55.87419354838709,59.23548387096774,65.61935483870968,54.41935483870968
305,2005-06,57.64,74.04333333333334,78.03666666666666,72.35666666666665
306,2005-07,64.24193548387096,76.05483870967741,80.80322580645162,73.51935483870967
307,2005-08,66.29677419354839,75.20645161290322,78.37741935483871,71.41935483870968
308,2005-09,57.25333333333333,69.95666666666666,73.04666666666667,66.68333333333334
309,2005-10,51.935483870967744,55.18709677419355,57.777419354838706,52.68709677419355
310,2005-11,41.21666666666667,44.236666666666665,47.86,37.54333333333333
311,2005-12,38.20967741935484,23.63225806451613,32.49354838709677,19.129032258064516
312,2006-01,41.68064516129032,38.42903225806452,41.11290322580645,30.690322580645162
313,2006-02,38.55357142857143,31.04642857142857,34.86785714285714,19.5
314,2006-03,42.21612903225807,39.68064516129032,46.34193548387096,31.90967741935484
315,2006-04,47.75,54.30333333333333,61.54333333333333,49.519999999999996
316,2006-05,54.55483870967742,59.483870967741936,65.51612903225806,58.07741935483871
317,2006-06,60.733333333333334,68.58,75.49,66.45666666666666
318,2006-07,66.84516129032258,75.25483870967743,80.95483870967742,74.74516129032257
319,2006-08,64.4774193548387,72.8225806451613,80.30645161290323,71.4
320,2006-09,60.376666666666665,62.52333333333333,66.55333333333333,59.39
321,2006-10,50.53225806451613,50.94193548387097,54.877419354838715,45.541935483870965
322,2006-11,42.96,43.50333333333333,46.67333333333333,38.776666666666664
323,2006-12,37.7,36.96451612903226,38.5258064516129,30.406451612903226
324,2007-01,36.10967741935484,30.94193548387097,32.02903225806452,22.4741935483871
325,2007-02,40.57142857142857,16.625,30.114285714285717,11.921428571428573
326,2007-03,44.91612903225807,45.46451612903226,52.645161290322584,35.748387096774195
327,2007-04,47.28333333333333,48.443333333333335,52.21333333333334,42.776666666666664
328,2007-05,54.07096774193548,66.11612903225806,68.34193548387097,60.88709677419355
329,2007-06,58.31666666666667,72.34666666666666,73.28999999999999,69.35666666666665
330,2007-07,66.54193548387097,71.8258064516129,77.20645161290322,71.95483870967742
331,2007-08,63.20322580645161,77.40322580645162,83.29677419354839,71.05483870967741
332,2007-09,58.41,70.14333333333335,72.73333333333333,64.23666666666666
333,2007-10,48.66129032258065,61.599999999999994,61.32258064516129,56.00322580645161
334,2007-11,42.156666666666666,41.46333333333334,46.126666666666665,35.61
335,2007-12,37.92580645161291,30.79032258064516,34.10967741935484,20.29032258064516
336,2008-01,35.68387096774194,27.761290322580646,32.174193548387095,16.916129032258063
337,2008-02,40.20344827586207,26.848275862068967,32.06551724137931,14.279310344827588
338,2008-03,40.23548387096774,36.74516129032258,43.4741935483871,25.33225806451613
339,2008-04,43.29333333333333,51.71333333333334,52.20666666666667,45.28333333333333
340,2008-05,53.277419354838706,58.435483870967744,62.96774193548387,54.351612903225806
341,2008-06,56.163333333333334,71.18333333333334,74.35666666666665,67.09333333333333
342,2008-07,64.03870967741936,73.03225806451613,78.21612903225805,71.3225806451613
343,2008-08,64.01935483870967,72.66451612903225,75.29032258064517,69.93548387096774
344,2008-09,59.276666666666664,68.11333333333333,67.60333333333334,63.96666666666667
345,2008-10,49.75806451612903,54.648387096774194,57.57741935483871,50.438709677419354
346,2008-11,46.440000000000005,40.373333333333335,44.3,36.5
347,2008-12,34.75806451612903,28.125806451612902,32.13225806451613,16.10967741935484
348,2009-01,37.248387096774195,19.206451612903226,28.683870967741935,7.812903225806451
349,2009-02,38.121428571428574,30.428571428571427,38.13928571428572,22.135714285714283
350,2009-03,39.23225806451613,43.05483870967742,47.483870967741936,32.33870967741935
351,2009-04,46.24,50.55333333333333,53.50333333333333,43.480000000000004
352,2009-05,53.332258064516125,61.62580645161291,64.10645161290323,56.53225806451613
353,2009-06,61.44666666666667,69.92666666666668,75.32333333333332,65.56666666666666
354,2009-07,68.6032258064516,68.99032258064516,74.03225806451613,66.72258064516129
355,2009-08,64.87096774193549,71.63870967741936,75.10645161290323,67.75806451612904
356,2009-09,60.519999999999996,66.58666666666666,67.72333333333333,63.526666666666664
357,2009-10,49.86129032258064,50.54516129032258,51.938709677419354,45.190322580645166
358,2009-11,44.24666666666667,45.65,50.38333333333333,42.769999999999996
359,2009-12,34.987096774193546,29.538709677419355,31.299999999999997,21.041935483870965
360,2010-01,43.196774193548386,23.103225806451615,25.348387096774193,15.832258064516129
361,2010-02,42.59285714285714,24.014285714285712,28.275000000000002,19.489285714285717
362,2010-03,43.97741935483871,43.041935483870965,45.75483870967742,36.251612903225805
363,2010-04,46.50666666666667,57.18333333333333,60.92666666666666,50.919999999999995
364,2010-05,50.37096774193548,63.461290322580645,64.73225806451613,59.31935483870967
365,2010-06,55.89666666666667,72.76333333333334,77.96000000000001,67.78
366,2010-07,63.63225806451613,75.52258064516128,79.65483870967742,73.48387096774194
367,2010-08,64.00322580645161,75.20322580645161,81.13548387096773,73.47741935483872
368,2010-09,58.663333333333334,67.13,69.72666666666667,61.156666666666666
369,2010-10,51.36451612903225,56.87419354838709,60.25483870967742,52.73870967741936
370,2010-11,41.34666666666667,43.21666666666667,47.39333333333333,37.943333333333335
371,2010-12,39.400000000000006,23.64516129032258,30.70967741935484,18.37741935483871
372,2011-01,39.306451612903224,21.56451612903226,27.080645161290324,13.319354838709677
373,2011-02,36.6,27.27857142857143,32.971428571428575,18.24642857142857
374,2011-03,41.8,40.3,44.903225806451616,28.57741935483871
375,2011-04,42.763333333333335,52.09,57.86333333333334,42.973333333333336
376,2011-05,49.3258064516129,62.435483870967744,63.770967741935486,55.34193548387096
377,2011-06,56.21666666666667,71.14333333333335,77.37333333333332,67.05
378,2011-07,61.15483870967742,79.18064516129031,84.00645161290322,77.29354838709678
379,2011-08,64.3258064516129,74.00967741935484,80.36129032258064,71.33548387096775
380,2011-09,62.46333333333334,63.86333333333334,66.02333333333334,59.916666666666664
381,2011-10,50.53548387096774,54.29354838709677,59.170967741935485,52.03225806451613
382,2011-11,40.596666666666664,46.36,48.30333333333333,39.56333333333334
383,2011-12,37.16451612903226,35.729032258064514,38.096774193548384,30.129032258064516
384,2012-01,37.380645161290325,31.235483870967744,36.270967741935486,22.706451612903226
385,2012-02,39.720689655172414,34.36551724137931,39.775862068965516,28.520689655172415
386,2012-03,40.354838709677416,53.438709677419354,58.751612903225805,47.332258064516125
387,2012-04,47.85333333333333,52.47,59.559999999999995,46.440000000000005
388,2012-05,52.122580645161285,67.97741935483872,71.30000000000001,62.46451612903226
389,2012-06,55.60333333333333,73.63000000000001,77.78666666666666,71.87333333333332
390,2012-07,63.23225806451613,81.28387096774195,86.25161290322582,78.21290322580644
391,2012-08,66.2709677419355,71.81290322580645,78.16129032258064,70.85806451612903
392,2012-09,61.25333333333333,64.09666666666666,68.11,61.263333333333335
393,2012-10,51.599999999999994,51.91290322580645,55.354838709677416,47.987096774193546
394,2012-11,44.34,40.12,46.34,37.14333333333333
395,2012-12,38.39677419354839,36.900000000000006,39.68387096774194,28.5
396,2013-01,36.52258064516129,28.76774193548387,34.0258064516129,18.929032258064513
397,2013-02,40.35,28.74642857142857,34.746428571428574,16.907142857142855
398,2013-03,43.358064516129026,33.03548387096774,37.8,22.61935483870968
399,2013-04,46.830000000000005,50.10333333333333,51.809999999999995,40.86333333333334
400,2013-05,54.97741935483871,64.48387096774194,63.52903225806452,57.28709677419355
401,2013-06,60.269999999999996,69.93666666666667,73.16666666666667,65.99
402,2013-07,67.18064516129031,72.11935483870967,77.06451612903226,70.24516129032257
403,2013-08,66.56129032258065,71.83548387096775,75.56774193548387,69.98064516129033
404,2013-09,60.190000000000005,67.47666666666666,72.18333333333334,64.01333333333334
405,2013-10,49.13548387096775,54.50645161290323,56.88387096774194,50.5
406,2013-11,42.53,39.026666666666664,42.440000000000005,34.276666666666664
407,2013-12,36.07419354838709,28.83225806451613,31.348387096774193,15.703225806451613
408,2014-01,39.541935483870965,16.799999999999997,26.932258064516127,7.909677419354838
409,2014-02,37.396428571428565,17.385714285714286,26.603571428571428,8.975
410,2014-03,44.07741935483871,32.66451612903226,40.167741935483875,24.219354838709677
411,2014-04,48.24,50.53,55.04333333333333,42.03
412,2014-05,55.829032258064515,62.038709677419355,66.74193548387096,56.96774193548387
413,2014-06,58.94666666666667,71.73333333333333,74.57333333333332,67.98
414,2014-07,67.73548387096774,69.48064516129033,76.34193548387097,67.6774193548387
415,2014-08,68.1258064516129,72.83225806451614,77.97419354838709,69.66129032258064
416,2014-09,62.06666666666667,63.443333333333335,67.75333333333333,60.61666666666667
417,2014-10,55.851612903225806,53.5516129032258,58.11612903225806,48.693548387096776
418,2014-11,42.983333333333334,35.79333333333333,39.36666666666667,29.093333333333337
419,2014-12,40.36774193548387,33.067741935483866,36.92258064516129,26.63225806451613
420,2015-01,41.270967741935486,22.88064516129032,31.848387096774193,17.570967741935487
421,2015-02,44.94285714285714,18.442857142857143,26.532142857142855,6.796428571428572
422,2015-03,47.251612903225805,36.096774193548384,44.31612903225806,32.26774193548387
423,2015-04,47.68666666666666,51.89333333333333,57.413333333333334,45.309999999999995
424,2015-05,56.519354838709674,64.86129032258064,65.21290322580644,59.041935483870965
425,2015-06,66.06,70.03,74.19,65.85
426,2015-07,69.6258064516129,71.72258064516129,77.98064516129033,71.53870967741935
427,2015-08,67.6741935483871,70.62258064516129,74.83548387096775,69.8741935483871
428,2015-09,57.79333333333333,68.97,72.85333333333332,66.74666666666667
429,2015-10,54.95483870967742,56.167741935483875,59.55483870967742,51.903225806451616
430,2015-11,41.519999999999996,46.34666666666667,49.343333333333334,42.309999999999995
431,2015-12,39.016129032258064,41.75483870967742,42.83548387096774,34.33548387096774
432,2016-01,38.49032258064516,27.490322580645163,31.799999999999997,16.916129032258063
433,2016-02,43.734482758620686,32.42413793103448,39.248275862068965,22.817241379310346
434,2016-03,45.11612903225806,46.74516129032258,50.84838709677419,38.21612903225807
435,2016-04,52.96333333333334,50.559999999999995,58.126666666666665,43.75333333333333
436,2016-05,57.07419354838709,60.561290322580646,63.906451612903226,57.81612903225806
437,2016-06,60.776666666666664,72.40666666666667,80.04666666666667,68.35666666666665
438,2016-07,63.79354838709677,74.8483870967742,79.75161290322582,73.30645161290323
439,2016-08,66.7709677419355,75.97419354838709,77.38064516129033,72.59032258064516
440,2016-09,58.0,69.57666666666667,72.65666666666667,65.52666666666667
441,2016-10,51.57096774193548,59.09032258064516,63.91290322580645,53.91935483870968
442,2016-11,47.763333333333335,47.166666666666664,51.82666666666667,43.980000000000004
443,2016-12,35.25483870967742,27.55483870967742,33.39032258064516,21.46451612903226
444,2017-01,34.619354838709675,32.829032258064515,35.480645161290326,21.548387096774192
445,2017-02,38.03928571428571,40.896428571428565,45.832142857142856,30.364285714285717
446,2017-03,43.46451612903226,41.12903225806452,48.79677419354839,31.96451612903226
447,2017-04,47.416666666666664,56.36666666666667,58.32666666666667,49.03
448,2017-05,54.541935483870965,60.00322580645161,64.46129032258064,54.73870967741936
449,2017-06,59.72666666666667,71.37333333333332,74.28666666666666,67.92666666666666
450,2017-07,65.35483870967742,73.3741935483871,78.95483870967742,70.30645161290323
451,2017-08,68.0516129032258,69.85161290322581,72.33870967741936,66.0516129032258
452,2017-09,61.343333333333334,67.73333333333333,71.08666666666666,64.74
453,2017-10,49.61612903225806,58.2,59.3,53.63548387096775
454,2017-11,43.983333333333334,42.35666666666667,47.623333333333335,35.193333333333335
455,2017-12,37.67741935483871,27.758064516129032,34.78387096774193,20.72258064516129
456,2018-01,42.60645161290322,24.761290322580646,29.906451612903226,19.983870967741936
457,2018-02,38.93928571428571,34.23571428571429,36.15,20.960714285714285
458,2018-03,42.44516129032258,36.10645161290322,42.78709677419355,31.799999999999997
459,2018-04,47.776666666666664,43.78666666666666,47.80333333333333,35.343333333333334
460,2018-05,56.83548387096774,68.89354838709677,73.00322580645161,62.65161290322581
461,2018-06,59.61,73.51666666666667,78.24666666666667,68.19
462,2018-07,68.3225806451613,74.14193548387097,78.80322580645162,71.81612903225808
463,2018-08,66.51935483870967,73.87096774193549,77.37096774193549,71.39354838709677
464,2018-09,58.169999999999995,69.25333333333333,71.82666666666667,63.166666666666664
465,2018-10,50.53225806451613,54.54838709677419,57.23225806451613,47.33870967741935
466,2018-11,45.406666666666666,36.35333333333333,37.67333333333333,30.136666666666667
467,2018-12,40.480645161290326,34.68387096774194,36.62580645161291,26.903225806451612
468,2019-01,41.512903225806454,24.238709677419354,31.04516129032258,14.883870967741935
469,2019-02,33.36785714285714,31.25714285714286,32.65714285714286,18.067857142857143
470,2019-03,43.13225806451613,35.94193548387097,40.52903225806452,28.306451612903224
471,2019-04,48.6,51.169999999999995,56.559999999999995,44.519999999999996
472,2019-05,56.57096774193548,62.02903225806452,64.35806451612903,53.95483870967742
473,2019-06,60.376666666666665,69.19333333333334,72.22666666666667,64.78333333333333
474,2019-07,64.50967741935484,75.62258064516129,77.8483870967742,73.59354838709677
475,2019-08,65.94193548387096,72.44193548387096,75.8258064516129,68.51935483870967
476,2019-09,59.25,71.40666666666667,75.78,65.53
477,2019-10,47.3258064516129,55.39032258064516,54.29032258064516,46.593548387096774
478,2019-11,43.02333333333333,36.559999999999995,41.2,29.976666666666667
479,2019-12,40.932258064516134,35.667741935483875,38.86129032258064,28.703225806451613
480,2020-01,41.92258064516129,33.58709677419355,34.57741935483871,24.416129032258063
481,2020-02,40.40344827586207,31.03103448275862,34.86896551724138,19.57241379310345
482,2020-03,41.12903225806452,43.46451612903226,48.92258064516129,35.88709677419355
483,2020-04,48.083333333333336,48.24666666666667,52.64,42.24
484,2020-05,55.329032258064515,59.61612903225806,61.58387096774193,54.91935483870968
485,2020-06,58.169999999999995,73.52666666666667,75.48666666666666,68.68666666666667
486,2020-07,64.36451612903225,77.33548387096775,78.99032258064516,74.61935483870967
487,2020-08,65.30645161290323,73.63548387096773,75.19677419354838,70.88709677419355
488,2020-09,63.67666666666666,66.06333333333333,68.66333333333334,60.41
489,2020-10,52.07419354838709,53.45483870967742,54.57096774193548,44.23548387096774
490,2020-11,43.86,46.70333333333333,49.91,41.379999999999995
491,2020-12,41.380645161290325,33.28064516129032,36.880645161290325,27.280645161290323
492,2021-01,40.74193548387097,29.932258064516127,33.78387096774193,21.18064516129032
493,2021-02,38.725,21.967857142857145,24.642857142857142,11.857142857142858
494,2021-03,41.60645161290322,44.73225806451613,48.62580645161291,38.28064516129032
495,2021-04,48.60333333333333,51.233333333333334,53.730000000000004,47.36333333333334
496,2021-05,53.24516129032258,59.564516129032256,61.435483870967744,57.31290322580645
497,2021-06,63.480000000000004,73.52333333333333,75.82666666666667,72.30333333333333
498,2021-07,67.04516129032258,73.64516129032258,77.05806451612904,71.51612903225806
499,2021-08,66.13548387096773,76.47419354838709,77.88709677419355,72.11935483870967
500,2021-09,59.45333333333333,69.95333333333333,72.48,64.16
501,2021-10,49.9483870967742,59.68387096774194,60.33870967741935,55.906451612903226
502,2021-11,45.96666666666667,40.126666666666665,46.22,36.22666666666667
503,2021-12,36.79032258064516,39.89677419354839,45.42258064516129,29.677419354838708
504,2022-01,38.36451612903225,23.97741935483871,29.07741935483871,11.729032258064517
505,2022-02,39.13928571428572,27.414285714285715,32.864285714285714,19.474999999999998
506,2022-03,44.061290322580646,42.10967741935484,45.18387096774194,32.667741935483875
507,2022-04,44.016666666666666,49.230000000000004,53.233333333333334,41.96666666666667
508,2022-05,50.09032258064516,64.84838709677419,66.11935483870967,60.519354838709674
509,2022-06,58.35333333333333,72.52666666666667,75.84333333333333,68.38333333333334
510,2022-07,66.51290322580645,75.71290322580644,80.41290322580646,71.51935483870967
511,2022-08,68.1,73.86129032258064,76.91935483870968,70.44193548387096
512,2022-09,62.66,66.67,70.24666666666667,62.64333333333333
513,2022-10,55.34516129032258,54.251612903225805,57.21290322580645,49.42258064516129
514,2022-11,39.71666666666667,42.973333333333336,44.190000000000005,37.84666666666667
515,2022-12,36.122580645161285,31.309677419354838,34.08709677419355,22.654838709677417
516,2023-01,40.45483870967742,34.70322580645161,36.809677419354834,25.32903225806452
517,2023-02,37.99285714285714,37.646428571428565,40.67857142857143,25.349999999999998
518,2023-03,41.099999999999994,39.36129032258064,43.4741935483871,31.067741935483873
519,2023-04,44.80333333333333,51.35333333333333,56.00333333333333,46.153333333333336
520,2023-05,57.81290322580645,62.52258064516129,67.66451612903225,58.73548387096774
521,2023-06,60.15333333333333,69.92,75.00333333333333,68.51666666666667
522,2023-07,66.79032258064517,73.56774193548387,78.85483870967742,72.20645161290322
523,2023-08,68.04193548387097,71.76129032258065,77.20967741935483,70.07741935483871
524,2023-09,58.91,67.52333333333334,71.25,65.20333333333333
525,2023-10,51.170967741935485,55.99354838709677,58.83548387096774,51.380645161290325
526,2023-11,42.4,42.906666666666666,47.693333333333335,37.026666666666664
527,2023-12,42.74516129032258,39.36129032258064,42.196774193548386,33.91935483870968
528,2024-01,38.41935483870968,27.445161290322584,28.05806451612903,21.56451612903226
529,2024-02,41.12413793103448,37.46551724137931,44.54482758620689,32.1
530,2024-03,43.225806451612904,45.34516129032258,50.0258064516129,37.65806451612904
531,2024-04,47.32666666666667,53.873333333333335,58.59,46.980000000000004
532,2024-05,52.803225806451614,65.79354838709678,67.45161290322581,59.61290322580645
533,2024-06,58.46333333333334,73.35,76.89666666666668,68.04666666666667
534,2024-07,68.5741935483871,72.84516129032258,76.30000000000001,70.02258064516128
535,2024-08,64.42258064516129,72.48709677419355,76.00645161290322,69.08709677419354
536,2024-09,60.20666666666667,68.69,70.47666666666667,66.00333333333333
537,2024-10,51.37096774193548,58.016129032258064,62.94193548387097,54.748387096774195
538,2024-11,43.46333333333334,46.52333333333333,48.440000000000005,41.14
539,2024-12,41.432258064516134,33.73870967741936,38.561290322580646,26.116129032258065
540,2025-01,36.65483870967742,21.358064516129033,25.4741935483871,17.325806451612905
