,price_per_dozen,disaster_deaths_adjusted,disaster_cost_adjusted,human_outbreaks_per_million,human_illnesses_per_million,covid_hospitalization_per_million,infected_flock_cnt,infected_bird_cnt,infected_h5n1_people_cnt,temp_variance,gas_price_per_gallon
0,0.8790000081062317,0.0,0.0,0.0,0.0,0.0,0.0,0.0,0.0,2.605921135139265,1.11
1,0.7739999890327454,0.0,0.0,0.0,0.0,0.0,0.0,0.0,0.0,5.400544791053246,1.186
2,0.8119999766349792,0.0,0.0,0.0,0.0,0.0,0.0,0.0,0.0,16.77146687906545,1.23
3,0.796999990940094,7.0,7.919501599122385,0.0,0.0,0.0,0.0,0.0,0.0,1.6696747643701002,1.242
4,0.7369999885559082,0.0,0.0,0.0,0.0,0.0,0.0,0.0,0.0,11.37584494889154,1.244
5,0.7310000061988831,35.0,7.030886928937859,0.0,0.0,0.0,0.0,0.0,0.0,3.382472321784164,1.246
6,0.7760000228881836,35.0,7.030886928937859,0.0748173572250251,14.866648982713825,0.0,0.0,0.0,0.0,5.149319792911186,1.247
7,0.9070000052452089,48.0,8.1218466958834,0.0,0.0,0.0,0.0,0.0,0.0,3.2063090402230188,1.243
8,0.8980000019073486,35.0,7.030886928937859,0.0,0.0,0.0,0.0,0.0,0.0,13.127681136333464,1.231
9,0.8669999837875366,35.0,7.030886928937859,0.0,0.0,0.0,0.0,0.0,0.0,3.4962256737023765,1.223
10,0.9169999957084656,35.0,7.030886928937859,0.0,0.0,0.0,0.0,0.0,0.0,13.6200966414443,1.222
11,1.031000018119812,0.0,0.0,0.0,0.0,0.0,0.0,0.0,0.0,1.406982090667185,1.231
12,0.9430000185966492,0.0,7.638872343784828,0.0,0.0,0.0,0.0,0.0,0.0,5.583340489977974,1.269
13,0.9240000247955322,0.0,0.0,0.0,0.0,0.0,0.0,0.0,0.0,2.111359970851524,1.353
14,0.875,0.0,0.0,0.0,0.0,0.0,0.0,0.0,0.0,10.815552900570829,1.388
15,0.9039999842643738,0.0,0.0,0.0,0.0,0.0,0.0,0.0,0.0,4.431436346741002,1.381
16,0.8360000252723694,20.0,7.251415885529474,0.0,0.0,0.0,0.0,0.0,0.0,7.341436346741005,1.37
17,0.8519999980926514,0.0,0.0,0.0,0.0,0.0,0.0,0.0,0.0,2.241361210673034,1.362
18,0.8600000143051147,0.0,0.0,0.0217893405386398,1.8128731328148344,0.0,0.0,0.0,0.0,0.7267391477499103,1.353
19,0.8679999709129333,0.0,0.0,0.0,0.0,0.0,0.0,0.0,0.0,1.8582070888092372,1.348
20,0.915000021457672,0.0,0.0,0.0,0.0,0.0,0.0,0.0,0.0,10.082125580777904,1.358
21,0.8980000019073486,0.0,0.0,0.0,0.0,0.0,0.0,0.0,0.0,2.605903093057208,1.353
22,0.9430000185966492,0.0,0.0,0.0,0.0,0.0,0.0,0.0,0.0,11.727874419222085,1.351
23,0.9660000205039978,0.0,0.0,0.0,0.0,0.0,0.0,0.0,0.0,0.185491027612386,1.348
24,0.925000011920929,85.0,7.704721810187626,0.0,0.0,0.0,0.0,0.0,0.0,13.21989962976292,1.341
25,1.006999969482422,0.0,0.0,0.0,0.0,0.0,0.0,0.0,0.0,5.100544791053242,1.318
26,0.9520000219345092,0.0,0.0,0.0,0.0,0.0,0.0,0.0,0.0,13.051036771538564,1.268
27,0.8960000276565552,33.0,7.380879035564116,0.0,0.0,0.0,0.0,0.0,0.0,5.234119208814548,1.21
28,0.8420000076293945,7.5,5.9807826987611215,0.0,0.0,0.0,0.0,0.0,0.0,14.73821054028938,1.224
29,0.7829999923706055,7.5,5.9807826987611215,0.0,0.0,0.0,0.0,0.0,0.0,8.158027877339705,1.296
30,0.8510000109672546,0.0,0.0,0.0388500382358927,3.241819857239494,0.0,0.0,0.0,0.0,1.6224380724810883,1.318
31,0.777999997138977,0.0,0.0,0.0,0.0,0.0,0.0,0.0,0.0,2.1001425726802125,1.31
32,0.8519999980926514,0.0,0.0,0.0,0.0,0.0,0.0,0.0,0.0,10.052125580777918,1.292
33,0.8539999723434448,0.0,0.0,0.0,0.0,0.0,0.0,0.0,0.0,0.8070001327492378,1.28
34,0.8489999771118164,0.0,0.0,0.0,0.0,0.0,0.0,0.0,0.0,12.431207752555425,1.268
35,0.8130000233650208,14.375,7.33911150787225,0.0,0.0,0.0,0.0,0.0,0.0,8.80913262830159,1.244
36,0.8209999799728394,14.375,7.33911150787225,0.0,0.0,0.0,0.0,0.0,0.0,0.1908530584091217,1.214
37,0.7940000295639038,3.125,5.713051920978023,0.0,0.0,0.0,0.0,0.0,0.0,4.0851694946610415,1.17
38,0.8360000252723694,3.125,5.713051920978023,0.0,0.0,0.0,0.0,0.0,0.0,11.870391610248248,1.135
39,0.824999988079071,0.0,0.0,0.0,0.0,0.0,0.0,0.0,0.0,5.109674764370112,1.198
40,0.8650000095367432,0.0,0.0,0.0,0.0,0.0,0.0,0.0,0.0,5.93821054028939,1.243
41,0.824999988079071,0.0,6.970521397007543,0.0,0.0,0.0,0.0,0.0,0.0,3.3669167662285986,1.261
42,0.847000002861023,0.0,6.970521397007543,0.0342187442993289,10.115916283489108,0.0,0.0,0.0,0.0,4.868674631620863,1.272
43,0.8840000033378601,21.0,9.2605369540835,0.0,0.0,0.0,0.0,0.0,0.0,4.825663878932701,1.269
44,0.9380000233650208,3.5,5.749392985908253,0.0,0.0,0.0,0.0,0.0,0.0,12.613236691889014,1.257
45,0.962000012397766,3.5,5.749392985908253,0.0,0.0,0.0,0.0,0.0,0.0,1.113451745652469,1.239
46,0.9959999918937684,0.0,0.0,0.0,0.0,0.0,0.0,0.0,0.0,10.81565219699987,1.224
47,1.13100004196167,151.0,8.77655294686343,0.0,0.0,0.0,0.0,0.0,0.0,11.937103930838193,1.215
48,1.3009999990463257,0.0,0.0,0.0,0.0,0.0,0.0,0.0,0.0,7.840329737289799,1.2
49,1.3240000009536743,0.0,0.0,0.0,0.0,0.0,0.0,0.0,0.0,6.074167852624917,1.193
50,1.152999997138977,20.0,6.139668998600734,0.0,0.0,0.0,0.0,0.0,0.0,19.4596389220762,1.194
51,1.1990000009536743,20.0,6.139668998600734,0.0,0.0,0.0,0.0,0.0,0.0,2.4285636532589905,1.211
52,1.0540000200271606,0.0,0.0,0.0,0.0,0.0,0.0,0.0,0.0,7.080146024160356,1.221
53,0.902999997138977,1.0,7.213326402255559,0.0,0.0,0.0,0.0,0.0,0.0,1.28358343289527,1.214
54,0.8759999871253967,0.0,0.0,0.0169620892026373,1.0134848298575838,0.0,0.0,0.0,0.0,0.4119705296694604,1.197
55,0.8600000143051147,0.0,0.0,0.0,0.0,0.0,0.0,0.0,0.0,1.3159864595778572,1.184
56,0.8539999723434448,0.0,0.0,0.0,0.0,0.0,0.0,0.0,0.0,9.379903358555689,1.189
57,0.8420000076293945,0.0,0.0,0.0,0.0,0.0,0.0,0.0,0.0,2.8220538961900914,1.195
58,0.8230000138282776,0.0,0.0,0.0,0.0,0.0,0.0,0.0,0.0,13.701207752555412,1.193
59,0.8669999837875366,0.0,0.0,0.0,0.0,0.0,0.0,0.0,0.0,6.537089617548908,1.179
60,0.7459999918937683,150.0,8.71463320331007,0.0,0.0,0.0,0.0,0.0,0.0,10.729577049117758,1.145
61,0.7839999794960022,0.0,0.0,0.0,0.0,0.0,0.0,0.0,0.0,5.354116219624668,1.128
62,0.7900000214576721,0.0,0.0,0.0,0.0,0.0,0.0,0.0,0.0,8.784370104871897,1.155
63,0.7829999923706055,0.0,0.0,0.0,0.0,0.0,0.0,0.0,0.0,4.572547457852117,1.199
64,0.7450000047683716,89.0,7.472557579726136,0.0,0.0,0.0,0.0,0.0,0.0,13.477995486525964,1.223
65,0.7239999771118164,0.0,0.0,0.0,0.0,0.0,0.0,0.0,0.0,5.782472321784155,1.233
66,0.7870000004768372,0.0,0.0,0.0126092805274389,0.2143577689664626,0.0,0.0,0.0,0.0,1.5385671047391585,1.233
67,0.7889999747276306,1.0,6.854459956173399,0.0,0.0,0.0,0.0,0.0,0.0,2.834551174830736,1.222
68,0.8569999933242798,12.0,8.143052323648448,0.0,0.0,0.0,0.0,0.0,0.0,11.89990335855569,1.209
69,0.8600000143051147,63.0,8.375952133227477,0.0,0.0,0.0,0.0,0.0,0.0,1.2403334660825749,1.198
70,0.871999979019165,62.0,8.305731144875866,0.0,0.0,0.0,0.0,0.0,0.0,13.175652196999865,1.201
71,0.906000018119812,0.0,0.0,0.0,0.0,0.0,0.0,0.0,0.0,8.270437264171523,1.203
72,0.9010000228881836,0.0,0.0,0.0,0.0,0.0,0.0,0.0,0.0,1.363985651268294,1.19
73,0.8659999966621399,13.0,7.334394606386676,0.0,0.0,0.0,0.0,0.0,0.0,1.1755447910532446,1.119
74,0.8870000243186951,0.0,0.0,0.0,0.0,0.0,0.0,0.0,0.0,8.949961502721365,0.983
75,0.8899999856948853,0.0,0.0,0.0,0.0,0.0,0.0,0.0,0.0,2.9492141245187824,0.895
76,0.8199999928474426,0.0,0.0,0.0,0.0,0.0,0.0,0.0,0.0,11.897350325235628,0.927
77,0.7950000166893005,11.111111111111112,6.359862177741695,0.0,0.0,0.0,0.0,0.0,0.0,2.2391389884508186,0.958
78,0.8330000042915344,11.111111111111112,6.359862177741695,0.0166576434375706,0.6621413266434351,0.0,0.0,0.0,0.0,3.569749900438083,0.895
79,0.912999987602234,11.111111111111112,6.359862177741695,0.0,0.0,0.0,0.0,0.0,0.0,3.4764866587017167,0.848
80,0.8679999709129333,10.0,7.0431599159883405,0.0,0.0,0.0,0.0,0.0,0.0,13.913236691889026,0.864
81,0.8550000190734863,0.0,0.0,0.0,0.0,0.0,0.0,0.0,0.0,0.2844194875879395,0.837
82,0.8970000147819519,0.0,0.0,0.0,0.0,0.0,0.0,0.0,0.0,17.085652196999867,0.827
83,0.9100000262260436,0.0,0.0,0.0,0.0,0.0,0.0,0.0,0.0,2.7317132734628906,0.83
84,0.8619999885559082,0.0,0.0,0.0,0.0,0.0,0.0,0.0,0.0,2.69946952223604,0.868
85,0.8230000138282776,0.0,0.0,0.0,0.0,0.0,0.0,0.0,0.0,5.478026637518184,0.911
86,0.800000011920929,0.0,0.0,0.0,0.0,0.0,0.0,0.0,0.0,9.232757201646097,0.918
87,0.7860000133514404,0.0,0.0,0.0,0.0,0.0,0.0,0.0,0.0,1.445880791185452,0.94
88,0.7630000114440918,0.0,0.0,0.0,0.0,0.0,0.0,0.0,0.0,16.325307314482934,0.948
89,0.7110000252723694,0.0,0.0,0.0,0.0,0.0,0.0,0.0,0.0,0.3819721226602866,0.966
90,0.7630000114440918,0.0,0.0,0.0412728559870422,7.255768082522032,0.0,0.0,0.0,0.0,3.465448825169261,0.98
91,0.7300000190734863,0.0,0.0,0.0,0.0,0.0,0.0,0.0,0.0,0.4073843090402107,1.004
92,0.8370000123977661,0.0,0.0,0.0,0.0,0.0,0.0,0.0,0.0,11.492125580777923,1.0
93,0.777999997138977,0.0,0.0,0.0,0.0,0.0,0.0,0.0,0.0,5.100526748971191,0.988
94,0.8050000071525574,0.0,0.0,0.0,0.0,0.0,0.0,0.0,0.0,9.651207752555417,0.987
95,0.7329999804496765,0.0,0.0,0.0,0.0,0.0,0.0,0.0,0.0,4.79085305840912,0.975
96,0.7599999904632568,0.0,0.0,0.0,0.0,0.0,0.0,0.0,0.0,5.77688887707475,0.947
97,0.7179999947547913,0.0,0.0,0.0,0.0,0.0,0.0,0.0,0.0,5.600544791053242,0.928
98,0.7400000095367432,0.0,0.0,0.0,0.0,0.0,0.0,0.0,0.0,12.052112040355766,0.92
99,0.718999981880188,0.0,0.0,0.0,0.0,0.0,0.0,0.0,0.0,0.6263414310367779,0.946
100,0.6779999732971191,0.0,0.0,0.0,0.0,0.0,0.0,0.0,0.0,13.551113766095844,0.97
101,0.7049999833106995,50.44444444444445,8.710919804036905,0.0,0.0,0.0,0.0,0.0,0.0,1.196416567104734,0.971
102,0.8029999732971191,50.44444444444445,8.710919804036905,0.032719836400818,3.366053169734151,0.0,0.0,0.0,0.0,4.020287534846673,0.984
103,0.9089999794960022,50.44444444444445,8.710919804036905,0.0,0.0,0.0,0.0,0.0,0.0,3.623513341298292,1.004
104,0.8740000128746033,0.0,0.0,0.0,0.0,0.0,0.0,0.0,0.0,13.119903358555687,0.992
105,0.8960000276565552,0.0,0.0,0.0,0.0,0.0,0.0,0.0,0.0,5.937085888756137,0.976
106,0.8389999866485596,0.0,0.0,0.0,0.0,0.0,0.0,0.0,0.0,11.826763308110976,0.972
107,0.8330000042915344,0.0,0.0,0.0,0.0,0.0,0.0,0.0,0.0,1.8327885422800847,0.953
108,0.9409999847412108,0.0,0.0,0.0,0.0,0.0,0.0,0.0,0.0,5.277949832602673,0.944
109,0.8899999856948853,0.0,0.0,0.0,0.0,0.0,0.0,0.0,0.0,6.32673526724372,0.955
110,1.031000018119812,0.0,0.0,0.0,0.0,0.0,0.0,0.0,0.0,14.36286472852781,0.974
111,0.996999979019165,0.0,0.0,0.0,0.0,0.0,0.0,0.0,0.0,0.9963414310367682,1.098
112,0.9559999704360962,21.0,7.249428288698837,0.0,0.0,0.0,0.0,0.0,0.0,9.03713527147218,1.152
113,0.9369999766349792,11.0,7.441103694419345,0.0,0.0,0.0,0.0,0.0,0.0,4.593583432895258,1.15
114,0.9610000252723694,0.0,5.387840607594192,0.03241228329392,1.1060691674050218,0.0,0.0,0.0,0.0,1.3385671047391412,1.132
115,0.9829999804496764,0.0,5.387840607594192,0.0,0.0,0.0,0.0,0.0,0.0,1.0205726802070814,1.096
116,1.037999987602234,86.0,10.038823618146834,0.0,0.0,0.0,0.0,0.0,0.0,8.732125580777911,1.073
117,1.0230000019073486,0.0,5.387840607594192,0.0,0.0,0.0,0.0,0.0,0.0,0.5682904553298798,1.071
118,1.0800000429153442,0.0,5.387840607594192,0.0,0.0,0.0,0.0,0.0,0.0,14.331207752555422,1.046
119,1.1369999647140503,110.0,8.842373343815433,0.0,0.0,0.0,0.0,0.0,0.0,10.401620059870446,1.03
120,1.2230000495910645,0.0,0.0,0.0,0.0,0.0,0.0,0.0,0.0,6.333863811097295,1.09
121,1.0410000085830688,0.0,0.0,0.0,0.0,0.0,0.0,0.0,0.0,4.93040758989914,1.086
122,1.1109999418258667,0.0,0.0,0.0,0.0,0.0,0.0,0.0,0.0,8.254262577990175,1.076
123,1.0920000076293943,0.0,0.0,0.0040194542665946,0.0401945426659464,0.0,0.0,0.0,0.0,0.3118969865923375,1.096
124,0.9399999976158142,13.0,7.807062566084298,0.0120457737933716,4.541256720101122,0.0,0.0,0.0,0.0,7.36831806717111,1.114
125,0.9300000071525574,1.888888888888889,5.255757752129241,0.0160423520443925,0.6657576098422923,0.0,0.0,0.0,0.0,2.382472321784164,1.14
126,0.8989999890327454,1.888888888888889,7.685320198179983,0.0320487146722532,1.946959416339387,0.0,0.0,0.0,0.0,0.0969167662286025,1.139
127,0.9539999961853028,1.888888888888889,5.255757752129241,0.0120038413171402,1.1323623642502296,0.0,0.0,0.0,0.0,0.7754113898845247,1.246
128,0.9459999799728394,0.0,0.0,0.0,0.0,0.0,0.0,0.0,0.0,13.4210144696668,1.347
129,1.0119999647140503,0.0,0.0,0.0079830759180336,0.1317207526475549,0.0,0.0,0.0,0.0,1.1392364263905463,1.431
130,1.0180000066757202,0.0,0.0,0.0039877177611461,0.0119631532834385,0.0,0.0,0.0,0.0,8.022318863666534,1.432
131,1.0010000467300415,0.0,9.039907859574642,0.0039840637450199,0.250996015936255,0.0,0.0,0.0,0.0,1.2037562842155758,1.41
132,1.1059999465942385,0.0,0.0,0.0079614662893506,0.0437880645914284,0.0,0.0,0.0,0.0,5.394093178150015,1.304
133,0.9869999885559082,0.0,0.0,0.0079538676646382,0.1232849488018922,0.0,0.0,0.0,0.0,4.168502827994374,1.198
134,1.069000005722046,0.0,7.441877430429438,0.0158931981738924,0.3456770602821615,0.0,0.0,0.0,0.0,8.653187309172978,1.138
135,1.0019999742507937,0.0,5.280916824264983,0.0,0.0,0.0,0.0,0.0,0.0,3.4292141245187797,1.159
136,0.9079999923706056,0.0,5.280916824264983,0.0079273853629688,1.5537675311418957,0.0,0.0,0.0,0.0,16.57046860480552,1.209
137,0.8840000033378601,0.0,5.280916824264983,0.0435333240416637,10.511318968605348,0.0,0.0,0.0,0.0,0.5008610115491905,1.214
138,0.9660000205039978,0.0,5.280916824264983,0.0355759354573357,0.7194244725816783,0.0,0.0,0.0,0.0,2.79555635205098,1.185
139,1.02400004863739,18.0,8.207497260503189,0.0355295885939842,42.5170743508012,0.0,0.0,0.0,0.0,0.9719004380724812,1.196
140,0.9869999885559082,0.0,0.0,0.0078848809309106,0.05913660698183,0.0,0.0,0.0,0.0,11.204347803000148,1.199
141,0.9760000109672546,25.0,8.934718614016768,0.0078749458218964,0.137811551883187,0.0,0.0,0.0,0.0,1.48872056285677,1.18
142,0.949999988079071,0.0,0.0,0.0,0.0,0.0,0.0,0.0,0.0,17.231207752555427,1.193
143,1.0119999647140503,0.0,0.0,0.0039288099823042,0.0196440499115214,0.0,0.0,0.0,0.0,4.598379940129554,1.182
144,0.9330000281333924,0.0,0.0,0.0156998195272973,0.918439442346895,0.0,0.0,0.0,0.0,1.92956273582848,1.135
145,0.8809999823570251,0.0,0.0,0.0196055366973788,11.87311302393266,0.0,0.0,0.0,0.0,6.912098887107682,1.117
146,0.8500000238418579,0.0,7.505987215168227,0.0156684558940653,0.6698264894712919,0.0,0.0,0.0,0.0,11.247810965086956,1.122
147,0.8289999961853027,0.0,7.67693714581808,0.0078250323903756,0.5986149778637407,0.0,0.0,0.0,0.0,1.2641192088145488,1.143
148,0.8360000252723694,0.0,0.0,0.023447575185866,2.512798474085312,0.0,0.0,0.0,0.0,9.626382583300142,1.197
149,0.8009999990463257,0.0,7.428986560965208,0.0312256035083063,3.481654791176156,0.0,0.0,0.0,0.0,5.593583432895272,1.239
150,0.8270000219345093,0.0,0.0,0.0233909000490165,0.9005496518871381,0.0,0.0,0.0,0.0,1.2850888092393546,1.237
151,0.8090000152587891,61.0,11.010084545108258,0.0116795147982817,0.8019933494820114,0.0,0.0,0.0,0.0,4.830250099561923,1.221
152,0.8730000257492065,7.0,8.84130362048157,0.0116645280591086,0.1827442729260351,0.0,0.0,0.0,0.0,10.294347803000136,1.222
153,0.8579999804496765,0.0,0.0,0.003883495145631,0.0776699029126213,0.0,0.0,0.0,0.0,0.9607418027346242,1.219
154,0.8970000147819519,26.0,7.2858491902941696,0.0,0.0,0.0,0.0,0.0,0.0,14.693429974777644,1.223
155,0.9279999732971193,19.0,8.614936754022366,0.0038750678503472,0.0232504071020835,0.0,0.0,0.0,0.0,2.5080573594843933,1.201
156,0.8980000019073486,0.0,0.0,0.0077420357835249,0.1316146083199241,0.0,0.0,0.0,0.0,1.2338781243865782,1.182
157,0.8949999809265137,0.0,0.0,0.0,0.0,0.0,0.0,0.0,0.0,3.418401933910385,1.172
158,0.9269999861717224,270.0,9.40594008183869,0.0154553534938093,1557.567342075865,0.0,0.0,0.0,0.0,14.817703438205228,1.163
159,0.996999979019165,0.0,0.0,0.0115798815578276,0.2817771179071399,0.0,0.0,0.0,0.0,3.221896986592334,1.175
160,0.8949999809265137,0.0,0.0,0.0038559420610815,0.2043649292373206,0.0,0.0,0.0,0.0,10.461866454267891,1.193
161,0.9210000038146972,7.111111111111111,8.604650425756688,0.007703566896291,1.1016100661696149,0.0,0.0,0.0,0.0,4.568027877339702,1.194
162,0.8999999761581421,8.11111111111111,8.833590696550734,0.0115420123307822,0.7040627521777176,0.0,0.0,0.0,0.0,1.7267391477499103,1.174
163,0.9290000200271606,7.111111111111111,8.604650425756688,0.030742034593467,0.8108211624026924,0.0,0.0,0.0,0.0,0.7546961369972109,1.163
164,0.8899999856948853,0.4444444444444444,5.804197431564278,0.0115145463330356,0.3454363899910687,0.0,0.0,0.0,0.0,6.95434780300014,1.151
165,0.8970000147819519,0.4444444444444444,5.804197431564278,0.0038337678808452,0.0345039109276073,0.0,0.0,0.0,0.0,2.816655781229251,1.193
166,0.9169999957084656,0.4444444444444444,5.804197431564278,0.0076599002422354,2.6120259826022925,0.0,0.0,0.0,0.0,14.907874419222082,1.178
167,0.8709999918937683,0.0,0.0,0.0114788594985215,0.4170652284462822,0.0,0.0,0.0,0.0,3.137089617548906,1.136
168,0.9169999957084656,70.0,7.717484796349408,0.0038226298802313,0.034403668922082,0.0,0.0,0.0,0.0,11.21989962976292,1.109
169,0.902999997138977,9.0,8.77119953360817,0.0076391276828624,0.1527825536572487,0.0,0.0,0.0,0.0,4.150544791053239,1.114
170,0.9259999990463256,0.0,0.0,0.0114486334230358,2.003510849031279,0.0,0.0,0.0,0.0,11.326305588742862,1.109
171,0.8610000014305115,3.0,7.654158779546766,0.0038121377404661,0.0762427548093221,0.0,0.0,0.0,0.0,0.4081030134076684,1.128
172,0.8009999990463257,0.0,0.0,0.011425524303298,0.3389572209978412,0.0,0.0,0.0,0.0,9.801651400504449,1.143
173,0.8410000205039978,0.0,3.781914335529153,0.03043676803935,3.4888145365105023,0.0,0.0,0.0,0.0,0.0208610115491865,1.169
174,0.8149999976158142,32.0,7.682804997968319,0.0152016110887142,2.3752517326116034,0.0,0.0,0.0,0.0,0.5170617283950634,1.199
175,0.8949999809265137,0.0,3.781914335529153,0.0113886563171974,1.1654391631265375,0.0,0.0,0.0,0.0,2.3065941855834358,1.243
176,0.8550000190734863,0.0,3.781914335529153,0.0037919004829789,0.758380096595795,0.0,0.0,0.0,0.0,12.03434780300013,1.237
177,0.8100000023841858,19.0,7.675035431698165,0.0037878787878787,0.0378787878787878,0.0,0.0,0.0,0.0,1.7876452940395566,1.212
178,0.8569999933242798,0.0,3.781914335529153,0.0075683036634026,0.2686747800507941,0.0,0.0,0.0,0.0,8.512318863666529,1.222
179,0.8730000257492065,0.0,0.0,0.0,0.0,0.0,0.0,0.0,0.0,6.841390692817733,1.203
180,0.8820000290870667,3.0,6.370471596253125,0.0075542965061378,0.1133144475920679,0.0,0.0,0.0,0.0,2.533878124386579,1.19
181,0.8629999756813049,3.0,6.370471596253125,0.0037738695695487,0.0075477391390975,0.0,0.0,0.0,0.0,0.0326876481961022,1.181
182,0.875,3.0,6.370471596253125,0.0075411940139471,0.0301647760557884,0.0,0.0,0.0,0.0,9.354262577990175,1.173
183,0.8330000042915344,0.0,7.087573705557973,0.0037669039642962,0.0113007118928887,0.0,0.0,0.0,0.0,2.1374525421478907,1.197
184,0.8190000057220459,32.0,9.337677620437375,0.0112900797313644,0.1467710365077379,0.0,0.0,0.0,0.0,8.482296561794769,1.256
185,0.824999988079071,0.0,0.0,0.0187976998517661,0.3909921569167366,0.0,0.0,0.0,0.0,2.1146945440063547,1.281
186,0.8790000081062317,96.8888888888889,5.421517800334194,0.0300435633043197,21.368484400197445,0.0,0.0,0.0,0.0,2.5374918359219407,1.252
187,0.984000027179718,102.8888888888889,7.589448220608074,0.0300108781190447,2.6447086342408204,0.0,0.0,0.0,0.0,5.013835921943453,1.222
188,0.9559999704360962,109.8888888888889,8.423370793204697,0.0187350116476335,0.7494004659053434,0.0,0.0,0.0,0.0,10.071014469666808,1.206
189,0.9810000061988832,27.0,9.170923639612392,0.0149711808879863,0.1646829897678502,0.0,0.0,0.0,0.0,1.138182928448174,1.185
190,1.0369999408721924,0.0,0.0,0.0037391564121717,0.0486090333582321,0.0,0.0,0.0,0.0,18.324541085888757,1.161
191,1.159999966621399,0.0,0.0,0.0112078299753585,5.461949141324757,0.0,0.0,0.0,0.0,2.1188243609457125,1.16
192,1.1549999713897705,187.0,8.720493186471689,0.0037330147146945,0.1082574267261433,0.0,0.0,0.0,0.0,6.788716834063994,1.186
193,1.090999960899353,9.0,7.6294412768941795,0.0,0.0,0.0,0.0,0.0,0.0,0.2178460135444595,1.181
194,1.1380000114440918,0.0,4.629998290753997,0.0037268931600455,0.0223613589602732,0.0,0.0,0.0,0.0,17.552112040355766,1.219
195,1.0859999656677246,0.0,4.629998290753997,0.0074465712264151,0.0409561417452833,0.0,0.0,0.0,0.0,3.349674764370107,1.305
196,1.0210000276565552,0.0,4.629998290753997,0.0,0.0,0.0,0.0,0.0,0.0,9.242511615558207,1.378
197,0.9449999928474426,0.0,4.629998290753997,0.0260116695070057,1.159377269455113,0.0,0.0,0.0,0.0,3.4035834328952603,1.354
198,1.0420000553131104,0.0,4.629998290753997,0.0185604503809287,1.046809401484383,0.0,0.0,0.0,0.0,1.964658701712466,1.328
199,1.0720000267028809,0.0,4.629998290753997,0.0222469400386759,11.549869703412606,0.0,0.0,0.0,0.0,0.1958414974113935,1.298
200,1.149999976158142,37.0,9.21183924809992,0.0111102885788507,0.1259166038936416,0.0,0.0,0.0,0.0,10.445458914111242,1.293
201,1.128999948501587,1.0,7.210079628170788,0.0036994562133545,2.1974769907326186,0.0,0.0,0.0,0.0,0.2672151865126864,1.287
202,1.1390000581741333,0.0,0.0,0.0036953551388757,0.0628210373608885,0.0,0.0,0.0,0.0,19.31454108588876,1.308
203,1.3079999685287476,0.0,0.0,0.0,0.0,0.0,0.0,0.0,0.0,1.9016057465811684,1.318
204,1.1480000019073486,36.0,8.695272445297297,0.0073776237670798,0.0553321782530985,0.0,0.0,0.0,54.0,7.13280285556937,1.318
205,1.131999969482422,17.4375,6.845713638043153,0.0036856847007417,0.1547987574311515,0.0,0.0,0.0,0.0,3.011359970851519,1.312
206,1.055999994277954,17.4375,6.845713638043153,0.0110472824678557,0.1141552521678426,0.0,0.0,0.0,0.0,10.600499137129958,1.293
207,1.0809999704360962,0.6875,6.122424276464296,0.0,0.0,0.0,0.0,0.0,0.0,3.998563653258998,1.288
208,1.0019999742507937,0.6875,6.122424276464296,0.003675389772685,0.0588062363629613,0.0,0.0,0.0,0.0,5.105952475773265,1.284
209,0.9520000219345092,0.0,0.0,0.0146864452016943,2.008371381331703,0.0,0.0,0.0,0.0,3.923583432895256,1.286
210,0.9789999723434448,0.0,0.0,0.0220062355925743,0.5684944194748379,0.0,0.0,0.0,0.0,0.9729757068896844,1.263
211,1.0609999895095823,0.0,0.0,0.0,0.0,0.0,0.0,0.0,0.0,2.754981282357619,1.31
212,1.008999943733215,0.0,0.0,0.0073182331496442,0.2012514116152161,0.0,0.0,0.0,0.0,11.586570025222358,1.334
213,1.0180000066757202,0.0,0.0,0.0,0.0,0.0,0.0,0.0,0.0,0.7242044338245037,1.3
214,1.090000033378601,0.0,0.0,0.0073027350044104,0.0547705125330782,0.0,0.0,0.0,0.0,16.186763308110976,1.271
215,1.1720000505447388,14.666666666666666,5.3924652303024105,0.0036481706374813,5.289847424347888,0.0,0.0,0.0,0.0,3.0822509078714937,1.236
216,1.1200000047683716,30.666666666666664,7.99065965482308,0.3353136335505835,5.252032021156422,0.0,0.0,0.0,0.0,3.104831553032781,1.186
217,1.0729999542236328,14.666666666666666,5.3924652303024105,0.3277733425641102,4.242843823190982,0.0,0.0,0.0,0.0,9.066121875613426,1.137
218,1.0429999828338623,0.0,0.0,0.4330737336365618,5.502583909735138,0.0,0.0,0.0,0.0,13.57684322315147,1.097
219,1.0609999895095823,0.0,0.0,0.4035776488927448,8.951424969134573,0.0,0.0,0.0,0.0,0.690325235629885,1.106
220,0.959999978542328,6.0,8.220853781424884,0.501271362582765,9.397021847837774,0.0,0.0,0.0,0.0,15.898425594052831,1.146
221,0.9319999814033508,39.22222222222223,8.023547852754309,0.4898936619077245,13.905722314299265,0.0,0.0,0.0,0.0,2.971361210673038,1.148
222,0.9710000157356262,22.222222222222225,6.6404131179766255,0.4930215587849745,16.28421207398607,0.0,0.0,0.0,0.0,0.748244524093991,1.134
223,1.0529999732971191,27.222222222222225,8.296000525194247,0.4453939686012405,15.06373097057854,0.0,0.0,0.0,0.0,0.8106101154918406,1.108
224,1.0219999551773071,16.0,9.354535915693193,0.3183215630827952,11.88641654875074,0.0,0.0,0.0,0.0,15.808792247444586,1.091
225,1.0479999780654907,31.0,7.500971647896878,0.3396567299006323,6.6016260162601625,0.0,0.0,0.0,0.0,1.6983979822116098,1.099
226,1.0770000219345093,0.0,0.0,0.3826438676046895,7.407407701177574,0.0,0.0,0.0,0.0,9.03009664144431,1.086
227,1.0889999866485596,0.0,8.492080490601163,0.4400043453458077,6.520720134305085,0.0,0.0,0.0,0.0,6.2553691874413815,1.046
228,1.0529999732971191,25.0,8.20977090964211,0.284653912540907,3.3257665984209765,0.0,0.0,0.0,0.0,5.113448016859692,1.031
229,1.0779999494552612,0.0,0.0,0.327644571180435,4.547418608800983,0.0,0.0,0.0,0.0,7.794693304184854,1.014
230,1.0049999952316284,0.0,0.0,0.3274087903887966,5.497589359495398,0.0,0.0,0.0,0.0,13.765015266162225,1.048
231,0.9419999718666076,0.0,0.0,0.4025880484744612,8.15240798160784,0.0,0.0,0.0,0.0,2.0036585689632247,1.232
232,0.8999999761581421,55.0,8.249130735744808,0.5638152869990576,11.06083492966304,0.0,0.0,0.0,0.0,12.229608389751746,1.233
233,0.9490000009536744,55.77777777777778,6.280562243068383,0.4807174887892376,10.70493273542601,0.0,0.0,0.0,0.0,2.324694544006377,1.204
234,0.8799999952316284,55.77777777777778,6.280562243068383,0.4372132893636991,7.952264664738101,0.0,0.0,0.0,0.0,5.162223018717654,1.244
235,1.0199999809265137,55.77777777777778,6.280562243068383,0.4546268023095693,11.845355030254844,0.0,0.0,0.0,0.0,0.920572680207087,1.309
236,0.9559999704360962,77.0,9.409535449775474,0.3468621566854232,7.748972098322804,0.0,0.0,0.0,0.0,11.813236691889031,1.334
237,0.8880000114440918,0.0,0.0,0.3964993575992854,10.155384447340255,0.0,0.0,0.0,0.0,0.0886987919819475,1.329
238,0.9200000166893004,0.0,0.0,0.4210977071085743,6.320034231265129,0.0,0.0,0.0,0.0,6.028985530333195,1.319
239,0.9200000166893004,0.0,0.0,0.4884657874415384,8.257567618354766,0.0,0.0,0.0,0.0,4.465046606796221,1.353
240,0.975000023841858,4.0,7.186371416374779,0.3063441621287447,2.9280802473235834,0.0,0.0,0.0,0.0,2.906996403956466,1.356
241,0.962000012397766,0.0,0.0,0.4591727731151588,9.94518393863375,0.0,0.0,0.0,0.0,6.916696588257096,1.422
242,0.930999994277954,1.728395061728395,7.27303174671846,0.5477308222867756,9.539052372552806,0.0,0.0,0.0,0.0,6.191896986592333,1.594
243,0.9390000104904176,1.728395061728395,5.143488459171652,0.4832634265896776,6.676852783544149,0.0,0.0,0.0,0.0,0.226341431036765,1.561
244,0.8519999980926514,1.728395061728395,5.143488459171652,0.4864365604121021,8.99375041988215,0.0,0.0,0.0,0.0,13.5156298951281,1.552
245,0.8379999995231628,1.728395061728395,5.143488459171652,0.4540778081821618,10.500549314212494,0.0,0.0,0.0,0.0,4.25580565511747,1.666
246,0.8679999709129333,1.728395061728395,5.143488459171652,0.4323787865628777,11.571448673178654,0.0,0.0,0.0,0.0,0.7689597769812764,1.642
247,0.8930000066757202,1.728395061728395,5.143488459171652,0.4284398918172329,7.272855684236335,0.0,0.0,0.0,0.0,1.1073843090402136,1.559
248,0.9200000166893004,1.728395061728395,4.756756713957167,0.3219073869400873,6.286037654863025,0.0,0.0,0.0,0.0,11.24545891411124,1.635
249,0.9229999780654908,4.728395061728395,7.464720642686182,0.3569409211550476,7.336726260573059,0.0,0.0,0.0,0.0,2.699473251028813,1.613
250,0.9020000100135804,1.728395061728395,4.756756713957167,0.4272598685890728,9.516242527665714,0.0,0.0,0.0,0.0,16.06120775255542,1.608
251,0.9589999914169312,0.0,0.0,0.4904036085334659,9.508185071925832,0.0,0.0,0.0,0.0,11.997318984601629,1.544
252,1.0110000371932983,0.0,0.0,0.3701745188061553,11.2568308433148,0.0,0.0,0.0,0.0,2.655383500730661,1.525
253,0.9430000185966492,0.0,0.0,0.3029876025562772,5.35512971959932,0.0,0.0,0.0,0.0,0.0815980660896151,1.538
254,0.8859999775886536,0.0,0.0,0.3590917246380704,8.790706239424136,0.0,0.0,0.0,0.0,15.732757201646097,1.503
255,1.027999997138977,3.0,8.66703893959683,0.4608295108974715,6.83856923041744,0.0,0.0,0.0,0.0,4.931436346741002,1.617
256,0.8809999823570251,0.0,5.70236484431641,0.523744262064361,14.341453618943577,0.0,0.0,0.0,0.0,12.237135271472184,1.812
257,0.9200000166893004,43.0,9.62145615159316,0.4811575693247816,8.509815988860918,0.0,0.0,0.0,0.0,3.848027877339703,1.731
258,0.8619999885559082,0.0,0.0,0.4526792274534619,8.74478011483742,0.0,0.0,0.0,0.0,2.6106101154918377,1.565
259,0.9290000200271606,0.0,0.0,0.3260640894817073,5.12586772927157,0.0,0.0,0.0,0.0,1.3224380724810771,1.509
260,0.9160000085830688,0.0,0.0,0.3012364809337017,4.423972969991457,0.0,0.0,0.0,0.0,9.669903358555691,1.609
261,0.9160000085830688,0.0,0.0,0.2520214196671683,5.425461117834875,0.0,0.0,0.0,0.0,0.7585912651002218,1.442
262,0.9350000023841858,0.0,0.0,0.3112758667468884,8.18760453993782,0.0,0.0,0.0,0.0,5.136763308110979,1.324
263,0.925000011920929,0.0,0.0,0.4053959392660338,8.034528141143205,0.0,0.0,0.0,0.0,7.373648757333854,1.2
264,0.9729999899864196,0.0,0.0,0.3632045866106549,4.805476069002511,0.0,0.0,0.0,0.0,4.217734778839226,1.209
265,0.9959999918937684,0.0,0.0,0.2966426937433215,4.910309059962981,0.0,0.0,0.0,0.0,5.181598066089613,1.21
266,1.003000020980835,0.0,5.292907674673816,0.3662109359408662,8.391462017844992,0.0,0.0,0.0,0.0,15.601574405947169,1.324
267,1.0470000505447388,7.0,8.259152994823394,0.470498042888616,10.518245136576615,0.0,0.0,0.0,0.0,1.0858807911854456,1.493
268,0.996999979019165,0.0,5.292907674673816,0.3935225575548357,5.697370833271781,0.0,0.0,0.0,0.0,7.162941723085098,1.508
269,0.975000023841858,0.0,5.292907674673816,0.4662653299347279,9.008663725380677,0.0,0.0,0.0,0.0,1.2502500995619386,1.489
270,0.9900000095367432,0.0,5.292907674673816,0.4345860928206292,10.17279126074529,0.0,0.0,0.0,0.0,4.264373556352041,1.496
271,1.0529999732971191,2.0,7.664731826435704,0.4203286276874488,6.159030222230138,0.0,0.0,0.0,0.0,1.2439434488251635,1.508
272,1.0549999475479126,7.333333333333334,7.806157580191775,0.3158296548705897,8.152569882318849,0.0,0.0,0.0,0.0,15.119903358555677,1.507
273,1.0390000343322754,2.333333333333333,6.119586273427546,0.3918440879627533,6.886746537115292,0.0,0.0,0.0,0.0,3.783322447895927,1.535
274,1.0800000429153442,30.33333333333333,7.442771882795092,0.4365753313992809,10.86933979840908,0.0,0.0,0.0,0.0,15.160096641444312,1.534
275,1.1759999990463257,0.0,0.0,0.4155124829368901,9.06163473204868,0.0,0.0,0.0,0.0,3.743541230452127,1.477
276,1.1749999523162842,0.0,0.0,0.2975778546712803,8.657439446366782,0.0,0.0,0.0,18.0,5.644630812558621,1.557
277,1.1890000104904177,0.0,0.0,0.3078200065609678,5.831286865862828,0.0,0.0,0.0,0.0,4.548163838672291,1.686
278,1.2089999914169312,0.4320987654320987,4.689431857018748,0.3629952169505802,6.333402261461552,0.0,0.0,0.0,0.0,11.412327094119206,1.791
279,1.13100004196167,3.432098765432099,8.177457213477444,0.2522460315811596,5.929509454702328,0.0,0.0,0.0,0.0,0.3336585689632301,1.704
280,1.008999943733215,51.4320987654321,8.883181407662523,0.3591780500241674,9.141772100134338,0.0,0.0,0.0,0.0,8.748963228461427,1.587
281,1.1990000009536743,0.4320987654320987,4.689431857018748,0.4209509244250339,9.76468127969546,0.0,0.0,0.0,0.0,5.8824723217841495,1.558
282,1.149999976158142,14.432098765432098,8.107416191762953,0.3240150451425809,9.217193943736822,0.0,0.0,0.0,0.0,1.139642373556356,1.567
283,1.2769999504089355,0.4320987654320987,4.689431857018748,0.334033524249908,9.149763648783564,0.0,0.0,0.0,0.0,2.1643735563520465,1.671
284,1.256999969482422,57.876543209876544,9.22685793494873,0.2614738837213722,4.379687552332984,0.0,0.0,0.0,0.0,9.285458914111246,1.771
285,1.3300000429153442,2.876543209876543,6.737734078232115,0.3609239486924552,6.2285161431498,0.0,0.0,0.0,0.0,0.4338600823045269,1.646
286,1.4479999542236328,2.876543209876543,6.737734078232115,0.3400192291345391,8.551998793383861,0.0,0.0,0.0,0.0,10.691207752555414,1.578
287,1.559000015258789,0.0,0.0,0.2642778825894359,3.871499370920568,0.0,0.0,0.0,0.0,4.031713273462888,1.538
288,1.5729999542236328,0.0,0.0,0.3875836210984235,11.07528772147619,0.0,0.0,0.0,135.0,6.48549102761238,1.635
289,1.5829999446868896,0.0,0.0,0.5141916885106423,11.257370033792997,0.0,0.0,0.0,0.0,0.0615241744639973,1.715
290,1.625,0.0,0.0,0.4556510785755718,10.637568413362034,0.0,0.0,0.0,0.0,7.944585158635341,1.809
291,1.562000036239624,0.0,0.0,0.431344378208624,6.997364357606568,0.0,0.0,0.0,0.0,1.7336585689632216,1.875
292,1.371999979019165,4.0,7.435024983983115,0.4138874550156711,5.2642379609018,0.0,0.0,0.0,0.0,12.72423204566573,2.05
293,1.3109999895095823,0.0,7.051595806671393,0.406740257104096,11.207573975162443,0.0,0.0,0.0,0.0,5.163583432895251,2.083
294,1.253000020980835,0.0,0.0,0.2937058185070702,11.901916017408602,0.0,0.0,0.0,0.0,1.6119705296694633,1.982
295,1.2769999504089355,35.0,10.18716910426819,0.3071043497910547,7.135057726812171,0.0,0.0,0.0,0.0,4.605518916766229,1.941
296,1.1449999809265137,133.0,11.046826203750207,0.2795676952116816,5.577716455686721,0.0,0.0,0.0,0.0,13.516570025222364,1.934
297,1.0889999866485596,0.0,0.0,0.2759137445213999,5.749906182124977,0.0,0.0,0.0,0.0,1.2811936811363367,2.072
298,1.0850000381469729,0.0,0.0,0.401633781153016,9.087815217614857,0.0,0.0,0.0,0.0,9.733429974777644,2.053
299,1.1990000009536743,0.0,0.0,0.5543840762214998,14.740494394748344,0.0,0.0,0.0,0.0,2.8897777895919177,1.926
300,1.2109999656677246,0.0,0.0,0.2718961255237737,4.785371809218418,0.0,0.0,0.0,300.0,3.251082425461849,1.866
301,1.284000039100647,0.0,0.0,0.2479787987946396,4.032203207797771,0.0,0.0,0.0,0.0,4.743502827994384,1.96
302,1.131999969482422,0.0,7.298850974957623,0.3021455755623985,7.34655084850596,0.0,0.0,0.0,0.0,14.126305588742866,2.107
303,1.1640000343322754,0.0,4.228292574275186,0.3087047980759784,9.247574500605683,0.0,0.0,0.0,0.0,2.5769919022965557,2.325
304,1.184999942779541,0.0,4.228292574275186,0.3864013845089699,11.015828944334666,0.0,0.0,0.0,0.0,9.499500862870036,2.257
305,1.1390000581741333,0.0,4.228292574275186,0.3183634657284487,13.215470673110714,0.0,0.0,0.0,0.0,1.815305455993624,2.218
306,1.1649999618530271,15.0,8.315223875997393,0.3417704512547452,6.250000232351629,0.0,0.0,0.0,0.0,3.79555635205098,2.357
307,1.1660000085830688,1833.0,12.212879923364609,0.3076715129329553,5.967474948644683,0.0,0.0,0.0,0.0,2.0041585025886093,2.548
308,1.2790000438690186,119.0,10.28930079542044,0.2263207609313159,4.144710054667533,0.0,0.0,0.0,0.0,15.982125580777918,2.969
309,1.2640000581741333,35.0,10.309652415758563,0.2362390758892901,4.235429146300845,0.0,0.0,0.0,0.0,1.3037743262976278,2.83
310,1.2790000438690186,0.0,0.0,0.2158443151736715,4.822771417161724,0.0,0.0,0.0,0.0,10.700096641444311,2.387
311,1.350000023841858,0.0,0.0,0.2763175539209677,5.145572010211192,0.0,0.0,0.0,0.0,2.6822652211607725,2.23
312,1.4490000009536743,0.1944444444444444,2.844909403533605,0.3266103343195193,8.36391825205862,0.0,0.0,0.0,342.0,8.976874563785465,2.359
313,1.3279999494552612,0.1944444444444444,2.844909403533605,0.2691608898170865,5.726397930858516,0.0,0.0,0.0,0.0,0.7042171137086619,2.354
314,1.3020000457763672,10.194444444444445,7.7813090121879505,0.2824288756896647,6.801828756192759,0.0,0.0,0.0,0.0,10.947810965086958,2.444
315,1.2829999923706057,37.19444444444444,8.795613736915895,0.4165966824885078,12.73643567188656,0.0,0.0,0.0,0.0,4.863658568963231,2.801
316,1.2059999704360962,0.1944444444444444,5.64229117835716,0.4364320076913273,14.84204543079506,0.0,0.0,0.0,0.0,10.767242798353903,2.993
317,1.2419999837875366,20.194444444444443,7.878764601071533,0.3958137727515243,7.67140761256556,0.0,0.0,0.0,0.0,2.8213612106730466,2.963
318,1.2130000591278076,0.1944444444444444,5.64229117835716,0.3820631347089528,6.712916305456426,0.0,0.0,0.0,0.0,3.988029470330545,3.046
319,1.24399995803833,1.1944444444444444,7.285306607140159,0.3850919134704095,9.26899492596603,0.0,0.0,0.0,0.0,1.846093986459579,3.033
320,1.253999948501587,0.1944444444444444,2.844909403533605,0.2408751768689196,4.0948780067716335,0.0,0.0,0.0,0.0,8.908792247444573,2.637
321,1.256999969482422,1.1944444444444444,7.235979342157159,0.297499662088928,5.19120196881017,0.0,0.0,0.0,0.0,3.459666533917421,2.319
322,1.3539999723434448,0.1944444444444444,2.844909403533605,0.3974615979489415,10.177020915549786,0.0,0.0,0.0,0.0,10.9289855303332,2.287
323,1.5429999828338623,0.1944444444444444,2.844909403533605,0.560635379920216,9.627577803987045,0.0,0.0,0.0,0.0,7.531713273462891,2.38
324,1.5490000247955322,1.0,7.68937110752969,0.4301577034874846,12.174463375448113,0.0,0.0,0.0,258.0,0.7145089723876197,2.321
325,1.746000051498413,0.0,0.0,0.2765744695498947,8.407197429811859,0.0,0.0,0.0,0.0,8.213640029148479,2.333
326,1.633999943733215,0.0,0.0,0.3263511845594413,4.199273915606688,0.0,0.0,0.0,0.0,5.639208814549313,2.639
327,1.616000056266785,9.0,8.857429748704432,0.3560613507798022,6.099630429713809,0.0,0.0,0.0,0.0,2.447452542147886,2.909
328,1.503999948501587,0.0,0.0,0.3458251461465483,26.12974998480362,0.0,0.0,0.0,0.0,14.85649011018186,3.176
329,1.3730000257492063,1.75,6.420415569157141,0.3987108333498104,11.569259347700331,0.0,0.0,0.0,0.0,1.3324723217841523,3.1
330,1.5019999742507937,1.75,6.420415569157141,0.3917272373148625,15.459946984536565,0.0,0.0,0.0,0.0,0.6654488251692641,3.013
331,1.633999943733215,1.75,6.420415569157141,0.3482587064676617,6.908789386401327,0.0,0.0,0.0,0.0,4.254696136997211,2.833
332,1.825000047683716,0.4166666666666667,5.039060803435295,0.2717301354850264,10.00430828084506,0.0,0.0,0.0,0.0,15.124347803000134,2.839
333,1.7710000276565552,0.4166666666666667,5.039060803435295,0.2847399276481903,4.386981443416886,0.0,0.0,0.0,0.0,5.728505509093331,2.843
334,1.861999988555908,0.4166666666666667,5.039060803435295,0.3109596656947764,5.180455707212976,0.0,0.0,0.0,0.0,12.846763308110972,3.118
335,2.0989999771118164,0.0,0.0,0.274352957838573,5.285426260046727,0.0,0.0,0.0,0.0,0.6295627358284754,3.069
336,2.174999952316284,12.0,7.337478882098343,0.2972749793559042,4.356729975227085,0.0,0.0,0.0,135.0,2.1500071566446444,3.096
337,2.1679999828338623,57.0,7.538405952912142,0.2739545158450766,3.894775044544463,0.0,0.0,0.0,0.0,3.369510308294622,3.083
338,2.203000068664551,5.0,7.465902940981762,0.3760018439989008,11.273458796388097,0.0,0.0,0.0,0.0,15.074692685517064,3.307
339,2.069000005722046,4.666666666666666,8.086563911441155,0.3592853788835021,14.58237170807902,0.0,0.0,0.0,0.0,0.5241192088145468,3.491
340,1.9299999475479128,15.666666666666666,8.723442744095236,0.3194783003753133,4.950266860454597,0.0,0.0,0.0,0.0,8.326382583300145,3.813
341,1.919999957084656,20.666666666666668,8.313337247073438,0.3488563365830176,12.49958836171982,0.0,0.0,0.0,0.0,2.119138988450814,4.115
342,2.010999917984009,3.0,7.542071667041705,0.3091190145418384,7.524088353954535,0.0,0.0,0.0,0.0,1.193405814416565,4.142
343,1.8539999723434448,13.25,7.710858360308281,0.3219871360119872,8.72322291950843,0.0,0.0,0.0,0.0,0.3668092393468782,3.838
344,1.9780000448226929,127.02777777777776,10.72828342955087,0.2133876206486826,5.416762678005021,0.0,0.0,0.0,0.0,12.647681136333476,3.749
345,1.8580000400543213,1.7777777777777777,5.602034258963743,0.2132126324320406,7.774060597906714,0.0,0.0,0.0,0.0,0.3080754015664411,3.225
346,1.838000059127808,1.7777777777777777,5.602034258963743,0.2425513811932534,4.228260564044553,0.0,0.0,0.0,0.0,13.522318863666534,2.208
347,1.8339999914169312,0.0,4.297729392611301,0.3242712216128036,5.984277998854466,0.0,0.0,0.0,0.0,2.311297479225285,1.742
348,1.850000023841858,0.0,3.6145150753512,1.75438602799902,63.15462389970352,0.0,0.0,0.0,213.0,9.19946952223604,1.838
349,1.7949999570846558,10.0,7.874751762747248,1.197213078506075,37.83324171038597,0.0,0.0,0.0,0.0,2.4673123518039013,1.979
350,1.6929999589920044,0.0,7.809960569969426,0.9120030980447982,26.38271327713106,0.0,0.0,0.0,0.0,9.299423868312758,2.0
351,1.77400004863739,6.0,7.674865138335323,0.5782235420929451,13.250139473045117,0.0,0.0,0.0,0.0,1.079674764370111,2.107
352,1.5010000467300415,7.0,7.178799674079734,0.3950117429709049,7.462783838276765,0.0,0.0,0.0,0.0,10.496275056418426,2.314
353,1.5290000438690186,0.2777777777777778,7.6094519206534414,0.4306126323496075,7.597703187441182,0.0,0.0,0.0,0.0,2.7246945440063683,2.681
354,1.4950000047683716,0.2777777777777778,7.344830303940983,0.3618346121694878,7.758255648318747,0.0,0.0,0.0,0.0,3.081863002787742,2.594
355,1.631999969482422,0.2777777777777778,4.35891439592398,0.3224650560272538,4.517768007169707,0.0,0.0,0.0,0.0,1.4958414974113907,2.677
356,1.6269999742507937,10.27777777777778,7.237039078504815,0.2603573497587505,4.546490220162181,0.0,0.0,0.0,0.0,12.0321255807779,2.626
357,1.5950000286102295,0.2777777777777778,4.35891439592398,0.1918574470207104,5.424037654755,0.0,0.0,0.0,0.0,4.688698791981942,2.613
358,1.7050000429153442,0.2777777777777778,4.35891439592398,0.2924356548745225,10.267740771149905,0.0,0.0,0.0,0.0,7.645652196999862,2.709
359,1.7719999551773071,0.0,3.6145150753512,0.6234778125968075,19.44146700008899,0.0,0.0,0.0,0.0,0.4736630706231359,2.671
360,1.7890000343322754,0.0,0.0,1.1746762638373598,39.478208358688725,0.0,0.0,0.0,144.0,6.3392544684726,2.779
361,1.871999979019165,3.0,7.084896816635977,1.355470501918061,55.46403699714478,0.0,0.0,0.0,0.0,3.8410209815294287,2.709
362,1.8220000267028809,11.0,7.898633904101783,1.1148199495570368,32.07051808376871,0.0,0.0,0.0,0.0,8.575767954334268,2.829
363,1.7790000438690186,8.0,6.719254685850698,0.7934965418156832,24.086668495849946,0.0,0.0,0.0,0.0,6.084769680074331,2.906
364,1.5230000019073486,11.0,8.641567790411223,0.6732698852731103,13.831164518134615,0.0,0.0,0.0,0.0,12.245737422009816,2.915
365,1.49399995803833,2.0,7.176025110573521,0.5078933827638075,8.323628495868004,0.0,0.0,0.0,0.0,0.1624723217841364,2.783
366,1.440999984741211,0.0,7.227008672529747,0.4849346839785086,9.090908875650442,0.0,0.0,0.0,0.0,3.2235133412983004,2.783
367,1.5190000534057615,0.0,0.0,0.4942818239206578,7.944045784450312,0.0,0.0,0.0,0.0,3.608459577857431,2.795
368,1.753000020980835,0.0,0.0,0.3680268479015618,7.073217752213352,0.0,0.0,0.0,0.0,12.091014469666804,2.754
369,1.4559999704360962,0.0,8.607582191143917,0.4742088603856443,11.497145431390726,0.0,0.0,0.0,0.0,2.70915067038365,2.843
370,1.6749999523162842,0.0,0.0,0.7447528452128078,25.147498669523383,0.0,0.0,0.0,0.0,11.062318863666526,2.899
371,1.7929999828338623,0.0,0.0,1.623972901846483,63.589494480040365,0.0,0.0,0.0,0.0,3.5231254362145314,3.031
372,1.805999994277954,0.0,0.0,1.8580536617604064,71.35956524195946,0.0,0.0,0.0,186.0,7.112372748042489,3.139
373,1.7079999446868896,36.0,7.850376287078624,1.3872348534333134,50.25910031638327,0.0,0.0,0.0,0.0,1.601735267243722,3.215
374,1.7319999933242798,2.638888888888889,6.165972089036967,1.0745424007614128,31.53492398881248,0.0,0.0,0.0,0.0,12.331681932828886,3.594
375,1.7269999980926514,372.3888888888889,10.208265987349392,0.6848654169057624,17.674672285121954,0.0,0.0,0.0,0.0,0.716991902296563,3.863
376,1.6920000314712524,182.63888888888889,9.615486331487515,0.5334533193236352,9.454335334036957,0.0,0.0,0.0,0.0,10.257565378999075,3.982
377,1.6829999685287476,7.027777777777778,8.135990540752072,0.4689256371861411,8.729725218300901,0.0,0.0,0.0,0.0,1.1413612106730395,3.753
378,1.6469999551773071,4.777777777777778,8.166037886686647,0.4846578546130656,8.932468936345442,0.0,0.0,0.0,0.0,7.163298287534857,3.703
379,1.7109999656677246,47.77777777777778,9.947704009812185,0.3849114583047826,6.710289756446711,0.0,0.0,0.0,0.0,2.238567104739147,3.68
380,1.9470000267028809,21.13888888888889,8.178697215163789,0.4679487179487179,8.33974358974359,0.0,0.0,0.0,0.0,9.354347803000138,3.664
381,1.871000051498413,1.1388888888888888,7.213479890148831,0.4708369495636429,12.177701239734493,0.0,0.0,0.0,0.0,1.2521614230718183,3.521
382,1.8359999656677248,0.1388888888888889,4.274000570234305,0.6306018048940076,22.6664537078907,0.0,0.0,0.0,0.0,9.171207752555423,3.475
383,1.8739999532699585,0.0,0.0,1.4587798884871923,52.33372849947803,0.0,0.0,0.0,0.0,6.884401445505894,3.329
384,1.9390000104904173,0.8541666666666666,5.672014641600608,2.3945777663560857,85.6357277030896,0.0,0.0,0.0,105.0,2.303756284215577,3.447
385,1.7979999780654907,0.8541666666666666,5.672014641600608,2.393506591028556,85.28744647257825,0.0,0.0,0.0,0.0,6.453478197452505,3.622
386,1.77400004863739,42.85416666666666,8.435661900313889,1.303056494802918,40.797165844638414,0.0,0.0,0.0,0.0,2.915629895128092,3.918
387,1.8289999961853027,7.104166666666667,8.376336637993031,0.7501276842303474,18.906409675303603,0.0,0.0,0.0,0.0,2.5647696800743347,3.976
388,1.690999984741211,2.1041666666666665,8.427021092477574,0.5583027378681801,13.590683790391124,0.0,0.0,0.0,0.0,16.98874817469801,3.839
389,1.6699999570846558,8.07638888888889,8.49801603375634,0.519720681893637,10.557025630367066,0.0,0.0,0.0,0.0,1.4330832337714128,3.602
390,1.6480000019073486,8.07638888888889,7.204913142232615,0.5130166232949398,10.24121383397476,0.0,0.0,0.0,0.0,8.919212266029476,3.502
391,1.8839999437332156,10.07638888888889,8.329145962678936,0.4808151755113067,7.775832176149741,0.0,0.0,0.0,0.0,0.6138359219434477,3.759
392,1.8890000581741333,1.0763888888888888,5.8771130977451485,0.423189514180313,8.25060458849287,0.0,0.0,0.0,0.0,10.576570025222352,3.908
393,1.9600000381469729,160.07638888888889,11.39426214932666,0.6136724960254372,18.562798092209857,0.0,0.0,0.0,0.0,2.161817071551837,3.839
394,1.963000059127808,1.0763888888888888,5.8771130977451485,0.9945979912898356,32.70098379668913,0.0,0.0,0.0,0.0,12.712318863666532,3.542
395,2.006999969482422,0.8541666666666666,5.672014641600608,1.5403182504560142,51.45615730698628,0.0,0.0,0.0,0.0,7.260745531527405,3.386
396,1.932999968528748,0.0,0.0,1.9172168093497084,57.592685080862765,0.0,0.0,0.0,117.0,0.5263512426661485,3.407
397,1.965000033378601,1.0,7.134811186571249,1.846681029436642,60.88018713367843,0.0,0.0,0.0,0.0,0.9672114577199088,3.748
398,1.924999952316284,1.654320987654321,7.980892717280775,1.988582379558158,60.10466455343964,0.0,0.0,0.0,0.0,19.10695075003319,3.792
399,1.9179999828338623,5.654320987654321,8.190310236375865,1.2299499477265778,38.2647572654833,0.0,0.0,0.0,0.0,2.66634143103677,3.647
400,1.870000004768372,37.65432098765432,8.676969271243209,0.7762745520459088,15.382910000746476,0.0,0.0,0.0,0.0,11.508103013407665,3.682
401,1.8589999675750728,0.654320987654321,5.178072943701962,0.5952946437837817,14.28390498993957,0.0,0.0,0.0,0.0,3.2991389884508067,3.693
402,1.8329999446868896,0.654320987654321,5.178072943701962,0.5443210396393403,11.566822092335984,0.0,0.0,0.0,0.0,0.1460939864595758,3.687
403,1.838000059127808,0.654320987654321,7.3677342583387295,0.5439594982918071,5.857052272304807,0.0,0.0,0.0,0.0,0.5356264436479563,3.658
404,1.8969999551773071,9.65432098765432,7.702484175684845,0.5720064601633866,9.935847020738606,0.0,0.0,0.0,0.0,13.977681136333471,3.616
405,1.924999952316284,0.654320987654321,5.178072943701962,0.5336954400478398,10.62022346083364,0.0,0.0,0.0,0.0,0.0500108854374161,3.434
406,1.924999952316284,8.654320987654321,7.408252156681545,0.6690229636874726,18.110956550011345,0.0,0.0,0.0,0.0,15.33231886366653,3.31
407,2.026000022888184,0.0,0.0,1.3688261002392628,42.71431307728188,0.0,0.0,0.0,0.0,2.472587801805929,3.333
408,2.007999897003174,16.0,7.996804360002464,1.6359854242101253,52.76131797770535,0.0,0.0,0.0,156.0,10.553232963096256,3.378
409,1.9980000257492063,0.0,3.638828042635891,1.505938673907841,47.35830574515202,0.0,0.0,0.0,0.0,10.112449552958005,3.422
410,2.061000108718872,0.0,3.638828042635891,2.125582583415451,72.51228170119644,0.0,0.0,0.0,0.0,17.908026018850393,3.59
411,2.11899995803833,8.25,8.228055970036799,1.472948679122848,42.24026543270885,0.0,0.0,0.0,0.0,1.0574525421478853,3.717
412,1.996000051498413,8.25,8.808137034453146,0.9845553659666276,21.767166557473043,0.0,0.0,0.0,0.0,11.657565378999069,3.745
413,1.9479999542236328,2.0,7.852224102378488,0.704158971157237,11.279117805857886,0.0,0.0,0.0,0.0,1.568027877339702,3.75
414,1.950000047683716,0.0,3.638828042635891,0.5372290498208351,8.77159945672381,0.0,0.0,0.0,0.0,1.8302500995619224,3.69
415,1.9789999723434448,2.0,7.2441898329504735,0.5336849232112263,7.452752986490889,0.0,0.0,0.0,0.0,0.4923305455993585,3.54
416,1.9700000286102293,0.0,6.221975323179775,0.426639911808533,6.788593890835775,0.0,0.0,0.0,0.0,10.024347803000133,3.463
417,1.950999975204468,0.0,6.221975323179775,0.4952822643906434,10.899344514470044,0.0,0.0,0.0,0.0,0.459666533917435,3.241
418,2.032000064849853,0.0,3.638828042635891,0.7455673174922738,22.07881703229221,0.0,0.0,0.0,0.0,19.16231886366653,2.945
419,2.2100000381469727,0.0,3.638828042635891,1.202216573048281,36.74274401378808,0.0,0.0,0.0,0.0,4.440315424000524,2.618
420,2.11299991607666,0.0,3.758175488735183,1.645858775391329,51.33765195407896,0.0,0.0,0.0,435.0,3.6672114577199046,2.17
421,2.088000059127808,30.0,8.297087567514325,2.173708992333906,73.06477089196025,0.0,0.0,0.0,0.0,10.510068600577052,2.308
422,2.132999897003174,0.0,3.758175488735183,2.2007564092730543,60.11128550271528,0.0,0.0,0.0,0.0,12.69834859949556,2.544
423,2.065000057220459,5.0,8.532135036374221,1.2091482939199596,28.23220667664278,0.0,0.0,0.0,0.0,1.2803252356298955,2.545
424,1.962000012397766,35.0,8.539027138420726,0.8025231321419559,15.922433660668611,0.0,0.0,0.0,0.0,12.780146024160352,2.832
425,2.569999933242798,1.3333333333333333,7.438968717850764,0.6522485559317515,13.834535160026096,0.0,0.0,0.0,0.0,2.973583432895268,2.889
426,2.569999933242798,0.3333333333333333,5.036271427738767,0.5738522691927423,12.309754926650838,0.0,0.0,0.0,0.0,0.7503950617283834,2.893
427,2.943000078201294,0.3333333333333333,5.036271427738767,0.635791339878295,10.088512584245295,0.0,0.0,0.0,0.0,1.2194974113898809,2.745
428,2.9660000801086426,0.3333333333333333,5.036271427738767,0.5699514378134936,18.892488643588266,0.0,0.0,0.0,0.0,15.609903358555684,2.463
429,2.808000087738037,25.33333333333333,7.941471732008297,0.7531667294475304,18.409013242488196,0.0,0.0,0.0,0.0,1.9618388424266584,2.357
430,2.6640000343322754,0.3333333333333333,5.036271427738767,0.7371695178849145,16.220839813374806,0.0,0.0,0.0,0.0,7.913429974777642,2.249
431,2.750999927520752,50.0,7.883133522082616,1.1998383956125869,26.903112212505025,0.0,0.0,0.0,0.0,11.874724026151064,2.125
432,2.328000068664551,0.0,3.4905978777412523,1.6870689887308912,49.97203980616511,0.0,0.0,0.0,30.0,2.3650609200854973,2.034
433,2.2669999599456787,10.0,7.255807038796542,1.844491318590752,60.85889790077466,0.0,0.0,0.0,0.0,3.7293402664180206,1.833
434,2.0810000896453857,6.0,8.910316536152635,1.7752947806608352,44.05958864730982,0.0,0.0,0.0,0.0,4.988671180140713,2.021
435,1.7929999828338623,9.5,9.105002718620913,1.2470143192261598,26.30827970486831,0.0,0.0,0.0,0.0,0.5547696800743367,2.196
436,1.684000015258789,3.5,8.428887625348285,0.985893697209224,19.54735773869232,0.0,0.0,0.0,0.0,10.502726669321646,2.324
437,1.491000056266785,23.428571428571427,7.23369810960314,0.5949245296810458,11.077370800050724,0.0,0.0,0.0,0.0,0.6064165671047306,2.422
438,1.5460000038146973,0.4285714285714285,7.609285308973747,0.634792835976382,14.386573248518394,0.0,0.0,0.0,0.0,2.971900438072496,2.287
439,1.4550000429153442,13.428571428571429,9.50277385118082,0.6498730905501474,9.048709127469673,0.0,0.0,0.0,0.0,2.318136997212278,2.218
440,1.4709999561309814,0.4285714285714285,4.573020558800823,0.5845059422683125,9.921137898395484,0.0,0.0,0.0,0.0,15.339903358555702,2.269
441,1.3899999856948853,49.42857142857143,9.487732395588058,0.676845103388719,14.346643698312482,0.0,0.0,0.0,0.0,5.0607635736094565,2.304
442,1.3209999799728394,0.4285714285714285,4.573020558800823,0.898869490263861,24.099586814565782,0.0,0.0,0.0,0.0,6.255652196999868,2.246
443,1.3830000162124634,0.4285714285714285,4.573020558800823,1.8400172679499105,56.762680349877606,0.0,0.0,0.0,0.0,0.2973189846016311,2.289
444,1.5989999771118164,24.0,7.270660772671506,2.4623550761042026,77.61355542512406,0.0,0.0,0.0,12.0,2.185476714323101,2.409
445,1.4639999866485596,6.5,7.839111952338459,1.671756004703817,46.630271732679525,0.0,0.0,0.0,0.0,11.263740923232476,2.36
446,1.4040000438690186,3.5,9.015036933050844,1.2579392138086916,31.97878805299938,0.0,0.0,0.0,0.0,9.628456126377271,2.386
447,1.409000039100647,6.0,8.000978049910811,0.9985206762509992,25.040063254751136,0.0,0.0,0.0,0.0,4.3158807911854495,2.479
448,1.4140000343322754,6.0,8.717399682250456,0.680754035325336,13.359412901384534,0.0,0.0,0.0,0.0,9.475844948891536,2.448
449,1.3320000171661377,1.1020408163265307,8.599972496557788,0.5818965735936874,9.19335009921032,0.0,0.0,0.0,0.0,1.8013612106730506,2.4
450,1.3329999446868896,1.1020408163265307,6.2295168172786015,0.6461737478392889,8.274100990189751,0.0,0.0,0.0,0.0,1.2149111907606454,2.344
451,1.3669999837875366,90.10204081632654,11.986096013006266,0.5320457560942006,8.322056739831831,0.0,0.0,0.0,0.0,3.582938271604931,2.436
452,1.4220000505447388,3079.1020408163267,12.099085864909377,0.5040880366571142,6.918915673872951,0.0,0.0,0.0,0.0,13.939903358555696,2.688
453,1.5399999618530271,1.1020408163265307,6.2295168172786015,0.6174925316266766,15.950354349282112,0.0,0.0,0.0,0.0,3.1317313155449327,2.545
454,1.50600004196167,1.1020408163265307,6.2295168172786015,0.8904992837281036,26.153042756938824,0.0,0.0,0.0,0.0,12.188985530333191,2.608
455,1.815000057220459,1.1020408163265307,6.2295168172786015,1.9275629942597352,51.688154177283344,0.0,0.0,0.0,0.0,0.0123727480424911,2.521
456,1.7690000534057615,22.0,7.189620447694986,2.1477004747345383,63.0442133640647,0.0,0.0,0.0,0.0,2.8833404899779715,2.596
457,1.7549999952316284,0.0,0.0,1.2360825737168049,25.08358135944424,0.0,0.0,0.0,0.0,2.6815980660896166,2.632
458,1.830999970436096,9.0,8.440636042337543,1.223400938489875,27.41460599257637,0.0,0.0,0.0,0.0,13.360714190893404,2.631
459,2.0810000896453857,3.0,7.415596424322727,1.256666424716076,26.058970592527015,0.0,0.0,0.0,0.0,7.947452542147886,2.795
460,1.986999988555908,5.0,8.154356445363696,0.7506357088279657,16.057476530479054,0.0,0.0,0.0,0.0,17.924232045665725,2.963
461,1.628000020980835,2.1632653061224487,8.366845282808628,0.7166263463534377,12.905399245869171,0.0,0.0,0.0,0.0,0.3208610115491837,2.97
462,1.725000023841858,2.1632653061224487,8.22580904261208,0.6703602753784268,13.961247561648422,0.0,0.0,0.0,0.0,1.923513341298289,2.93
463,1.621999979019165,2.1632653061224487,7.586875986677833,0.6577940828671976,12.029982948064283,0.0,0.0,0.0,0.0,1.2149111907606454,2.919
464,1.6510000228881836,55.16326530612245,10.3317163524414,0.7369804984646489,12.073024929205118,0.0,0.0,0.0,0.0,14.168792247444571,2.93
465,1.659999966621399,51.16326530612245,10.370660417584308,0.5776813040408623,10.590823907415809,0.0,0.0,0.0,0.0,0.873645028541084,2.945
466,1.5959999561309814,2.1632653061224487,6.53776762013783,0.9501695711091932,24.26445895096209,0.0,0.0,0.0,0.0,19.19231886366653,2.733
467,1.5950000286102295,2.1632653061224487,6.53776762013783,1.8446691308394476,47.15511817907461,0.0,0.0,0.0,0.0,4.970422950882245,2.479
468,1.5540000200271606,0.0,0.0,1.8806862793236936,48.04603892486521,0.0,0.0,0.0,3.0,4.377964145891951,2.352
469,1.5570000410079956,2.0,7.344848213231971,1.5108044740235476,35.37418960390488,0.0,0.0,0.0,0.0,0.439830505338957,2.412
470,1.5440000295639038,3.16,9.65626161049699,1.8582369010612385,42.101728671334925,0.0,0.0,0.0,0.0,15.33275720164609,2.62
471,1.4630000591278076,7.16,7.521309319580388,1.082845302481387,21.537945579777677,0.0,0.0,0.0,0.0,0.4914363467410041,2.894
472,1.3619999885559082,4.41,9.20553727179586,0.8446152189814948,14.818880737364855,0.0,0.0,0.0,0.0,9.855414841364665,2.963
473,1.2029999494552612,1.4933333333333334,7.237730754503038,0.6644315633789442,11.38067641127054,0.0,0.0,0.0,0.0,4.262472321784145,2.814
474,1.243000030517578,0.2433333333333333,7.438697629377226,0.5940775219398559,8.438947362940517,0.0,0.0,0.0,0.0,2.691255276782172,2.836
475,1.218999981880188,2.583333333333333,6.476703114656448,0.6272646926186416,8.33713945820311,0.0,0.0,0.0,0.0,0.7345511748307558,2.716
476,1.3830000162124634,7.583333333333333,8.82465215733412,0.6452005863521276,8.594558754049096,0.0,0.0,0.0,0.0,16.99212558077791,2.694
477,1.281999945640564,2.083333333333333,7.7265875681554785,0.5749224481793425,9.822352302492575,0.0,0.0,0.0,0.0,1.8220321253152747,2.741
478,1.4049999713897705,0.0833333333333333,5.041810911564705,0.9699291124450546,22.274923754772637,0.0,0.0,0.0,0.0,18.001207752555416,2.687
479,1.534999966621399,0.0,0.0,1.5439791409721642,41.672240161160126,0.0,0.0,0.0,0.0,6.643541230452136,2.652
480,1.4609999656677246,10.0,7.246225553073639,1.6649449341045093,44.08458210557743,0.0,0.0,0.0,3.0,3.093003596043527,2.631
481,1.4490000009536743,3.0,7.335112301659201,1.3607095531775582,31.059410470521676,0.0,0.0,0.0,0.0,0.7235931399812436,2.53
482,1.524999976158142,25.0,8.69482039735715,0.7105119408573889,13.612072781468694,0.0,0.0,0.0,0.0,7.500499137129964,2.334
483,2.0190000534057617,39.0,9.278466212426896,0.1840009713486216,2.5398166864842526,0.0,0.0,0.0,0.0,2.54967476437011,1.946
484,1.6399999856948853,4.0,8.743611355796707,0.1146339289857068,3.514434928114434,0.0,0.0,0.0,0.0,8.447887959644234,1.946
485,1.5540000200271606,0.9183673469387756,4.71851711049761,0.1327220121203172,1.4026303553624435,0.0,0.0,0.0,0.0,0.4302500995619311,2.141
486,1.4010000228881836,0.9183673469387756,7.9627298304305185,0.1869835409577336,2.1322155396309306,131.89329344838757,0.0,0.0,0.0,3.9848036638789353,2.243
487,1.3279999494552612,64.75836734693877,10.783269543430563,0.1688527092736172,1.7156641352980035,117.75647882586908,0.0,0.0,0.0,0.2428681800079601,2.245
488,1.3530000448226929,7.758367346938775,9.180878815415484,0.1175654861133662,0.9495673878387276,82.69907984839308,0.0,0.0,0.0,11.132125580777924,2.26
489,1.4079999923706057,13.758367346938776,9.174037535208404,0.1054820537582488,0.852897748959555,106.2934392150842,0.0,0.0,0.0,3.159666533917431,2.228
490,1.4500000476837158,14.758367346938776,7.891660543957482,0.1054598031971181,2.323128807570801,212.3051473324307,0.0,0.0,0.0,7.915652196999865,2.159
491,1.4809999465942385,2.7583673469387757,6.811444846181778,0.1235349006912131,3.5885382127618257,330.86913267530434,0.0,0.0,0.0,4.713433703570409,2.235
492,1.465999960899353,3.5902777777777777,7.241972496737294,0.1928582155277591,2.7090552462414914,353.5412845005577,0.0,0.0,3.0,0.5317132734628842,2.391
493,1.597000002861023,263.59027777777777,10.214460490317784,0.3797697283247516,9.349569025899838,197.3216984086264,0.0,0.0,0.0,8.277925743434196,2.559
494,1.625,15.590277777777777,8.207823392199506,0.6901748294906139,14.294756402943152,108.9493322083246,0.0,0.0,0.0,6.378993760785875,2.856
495,1.6200000047683716,1.5902777777777777,8.625966244438596,1.024528460820048,19.252095106409666,114.0818467761128,0.0,0.0,0.0,0.516991902296553,2.907
496,1.625,10.590277777777777,8.045763419844741,0.7953484343846773,15.723194996415268,79.95224587317962,0.0,0.0,0.0,9.179070755343156,3.041
497,1.6419999599456787,1.7535430839002264,8.229977826918017,0.6024096385542169,8.201807228915662,42.62640562248996,0.0,0.0,0.0,0.8875276782158465,3.245
498,1.6419999599456787,2.7535430839002264,7.998990637061293,0.4576934574118061,6.157783686889103,72.34878595749042,0.0,0.0,0.0,1.0762015133412888,3.326
499,1.7089999914169312,34.753543083900226,10.10401225763396,0.3189792686911558,4.18885983035933,241.19705737789144,0.0,0.0,0.0,2.496631620868186,3.351
500,1.8350000381469729,25.753543083900222,10.027410632933876,0.3368623565300758,4.349133638772229,260.64744887845364,0.0,0.0,0.0,14.951014469666802,3.361
501,1.8209999799728396,1.7535430839002264,5.762210527735772,0.3126597074026433,4.2720138867226565,160.4654183919167,0.0,0.0,0.0,4.729580777910535,3.477
502,1.718000054359436,1.7535430839002264,5.762210527735772,0.4026563194787499,6.646834169305933,133.7233656580555,0.0,0.0,0.0,13.055652196999866,3.576
503,1.787999987602234,95.75354308390024,8.826536561263218,0.561662757940629,11.04102833256552,195.35351571773504,0.0,0.0,0.0,10.565046606796216,3.505
504,1.9290000200271609,0.9444444444444444,5.100230504891005,0.6695088536987722,14.269845657534818,411.0036696680727,0.0,0.0,21.0,6.172587801805932,3.5
505,2.005000114440918,0.9444444444444444,7.156924987602426,1.3627903585196932,33.30131329827638,218.8261595561586,6.0,348550.0,0.0,1.1826876481960973,3.675
506,2.0460000038146973,2.9444444444444446,7.343206085315607,1.9713746261534744,45.80070364323689,58.8622825479187,31.0,9988239.0,0.0,10.271466879065445,4.401
507,2.5199999809265137,5.210069444444445,8.45021309922261,1.346528665655668,30.421351412942307,32.72604468589638,41.0,863435.0,0.0,2.115230319925658,4.369
508,2.86299991607666,3.2100694444444446,8.837124967378513,0.7043730976251483,12.53484380539732,56.21429103816965,30.0,189266.0,0.0,13.570468604805512,4.695
509,2.7070000171661377,2.2100694444444446,8.635486167229,0.3085495109343835,4.095021179100021,79.00734753659528,4.0,27343.0,0.0,0.7458056551174792,5.149
510,2.936000108718872,44.21006944444444,8.067421632886123,0.3532722707657179,4.547632027907842,108.74595465949314,2.0,140.0,0.0,2.8848036638789267,4.768
511,3.115999937057495,1.2100694444444446,5.373281489407471,0.2722350285423859,4.912196888643931,107.59392268794942,8.0,402.0,0.0,0.7439434488251635,4.205
512,2.9019999504089355,178.21006944444446,11.716088888661218,0.4453876851623035,6.366951472454407,80.39935228371439,33.0,9949982.0,0.0,12.606570025222354,3.99
513,3.4189999103546143,1.2100694444444446,5.373281489407471,0.4121986811965544,6.015711187897542,65.01571835380858,47.0,320179.0,0.0,0.2843977167131299,4.13
514,3.58899998664856,6.210069444444445,7.167631101542608,0.4447495817747144,9.40540894075252,69.73275456024592,41.0,11116813.0,0.0,12.243429974777634,3.958
515,4.25,89.31944444444444,9.14964219152922,0.5339299030574198,11.612229679343772,101.76661615068195,45.0,24376225.0,0.0,1.583326176688697,3.459
516,4.822999954223633,1.375,5.691414640662337,1.174506677505717,27.705241270908967,102.61865047925708,6.0,23900.0,36.0,4.513433703570406,3.555
517,4.210999965667725,2.375,7.666274640352029,1.8679616074579048,48.85002627988399,69.6652004214081,11.0,109789.0,0.0,6.79112187561342,3.622
518,3.446000099182129,45.625,9.296496274509284,1.953078452017042,49.52959318255414,51.66370786991992,17.0,72858.0,0.0,12.290821717775115,3.66
519,3.2699999809265137,21.11111111111111,9.381962547567152,1.3180600772246347,26.33442380026014,34.725279543946385,8.0,67680.0,0.0,0.9114363467409988,3.839
520,2.6659998893737797,10.86111111111111,9.417943121941589,0.8147002677002766,15.37821089250303,23.53816206681443,4.0,232.0,0.0,12.715629895128105,3.794
521,2.219000101089477,20.61111111111111,9.579953180946235,0.5437528053412791,7.458030280910441,18.004160510406628,0.0,0.0,0.0,1.8502500995619329,3.821
522,2.094000101089477,20.61111111111111,8.787211406792357,0.5225498093161023,7.217719241178663,18.551475983304687,0.0,0.0,0.0,1.87942731979291,3.842
523,2.0429999828338623,115.86111111111111,9.483792296170012,0.533966172473833,6.541085612804455,34.38043592835596,1.0,3260.0,0.0,0.01921226602947,4.064
524,2.065000057220459,6.86111111111111,7.652660440189954,0.4415992364862194,9.981920996547563,48.781106531198205,1.0,520.0,0.0,14.078792247444582,4.107
525,2.072000026702881,0.0,0.0,0.5626295325198807,12.102457365309224,41.43350982651288,15.0,2200783.0,0.0,1.4897958316739732,3.91
526,2.138000011444092,0.0,0.0,0.7722122179387998,15.808160461482789,44.00672730875627,47.0,7356194.0,0.0,11.371207752555428,3.623
527,2.506999969482422,5.0,7.181896099427432,0.9134984659111824,20.4310287958323,65.92704791328835,44.0,18831030.0,0.0,10.72526166055966,3.411
528,2.5220000743865967,64.94444444444444,8.77815926415888,0.0,0.0,77.06523909520976,6.0,42050.0,240.0,2.077964145891954,3.353
529,2.996000051498413,0.9444444444444444,7.880281931428901,0.0,0.0,50.46114243766995,13.0,314779.0,0.0,10.269570151475492,3.486
530,2.992000102996826,3.9444444444444446,8.73072560790283,0.0,0.0,29.88638310019983,4.0,500.0,0.0,5.915552900570823,3.707
531,2.864000082015991,6.944444444444445,8.843184725713671,0.0,0.0,17.243140240630755,5.0,2108220.0,0.0,2.88921412451878,3.907
532,2.6989998817443848,34.94444444444444,9.94079864658566,0.0,0.0,0.0,5.0,6554260.0,0.0,14.027457852117358,3.885
533,2.7149999141693115,8.444444444444445,8.57202564844763,0.0,0.0,0.0,3.0,281840.0,0.0,0.2324723217841438,3.729
534,3.0799999237060547,49.44444444444444,9.22400834378674,0.0,0.0,0.0,2.0,91805.0,0.0,0.0589972122660356,3.747
535,3.2039999961853027,17.944444444444443,7.829876204422635,0.0,0.0,0.0,0.0,0.0,0.0,0.4700350457984967,3.648
536,3.821000099182129,219.94444444444449,11.290414439263955,0.0,0.0,0.0,2.0,4501.0,0.0,14.476570025222358,3.478
537,3.369999885559082,32.94444444444444,10.44256874296958,0.0,0.0,0.0,6.0,3363136.0,0.0,4.655387229523434,3.412
538,3.6489999294281006,0.9444444444444444,3.6537199276115633,0.0,0.0,0.0,23.0,6189655.0,0.0,8.54565219699986,3.315
539,4.145999908447266,0.9444444444444444,3.6537199276115633,0.0,0.0,0.0,82.0,36390154.0,0.0,5.038164886366118,3.277
540,4.953000068664551,0.0,0.0,0.0,0.0,0.0,32.0,7100923.0,6.0,6.381189952343561,3.342
